// @generated
// This file is @generated by prost-build.
/// DeploymentID represents a unique identifier for a specific deployment on the network.
/// It is composed of two fields: an owner address and a sequence number (dseq).
#[allow(clippy::derive_partial_eq_without_eq)]
#[derive(Clone, PartialEq, ::prost::Message)]
pub struct DeploymentId {
    /// Owner is the account bech32 address of the user who owns the deployment.
    /// It is a string representing a valid bech32 account address.
    ///
    /// Example:
    ///    "akash1..."
    #[prost(string, tag="1")]
    pub owner: ::prost::alloc::string::String,
    /// Dseq (deployment sequence number) is a unique numeric identifier for the deployment.
    /// It is used to differentiate deployments created by the same owner.
    #[prost(uint64, tag="2")]
    pub dseq: u64,
}
/// Deployment stores deploymentID, state and checksum details.
#[allow(clippy::derive_partial_eq_without_eq)]
#[derive(Clone, PartialEq, ::prost::Message)]
pub struct Deployment {
    /// ID is the unique identifier of the deployment.
    #[prost(message, optional, tag="1")]
    pub id: ::core::option::Option<DeploymentId>,
    /// State defines the sate of the deployment.
    /// A deployment can be either active or inactive.
    #[prost(enumeration="deployment::State", tag="2")]
    pub state: i32,
    /// Hash is an hashed representation of the deployment.
    #[prost(bytes="bytes", tag="3")]
    pub hash: ::prost::bytes::Bytes,
    /// CreatedAt indicates when the deployment was created as a block height value.
    #[prost(int64, tag="4")]
    pub created_at: i64,
    /// reclamation stores the deployment's reclamation requirements for persistence.
    /// Needed so that StartGroup can propagate reclamation to newly created orders.
    #[prost(message, optional, tag="5")]
    pub reclamation: ::core::option::Option<DeploymentReclamation>,
}
/// Nested message and enum types in `Deployment`.
pub mod deployment {
    /// State is an enum which refers to state of deployment.
    #[derive(Clone, Copy, Debug, PartialEq, Eq, Hash, PartialOrd, Ord, ::prost::Enumeration)]
    #[repr(i32)]
    pub enum State {
        /// Prefix should start with 0 in enum. So declaring dummy state.
        Invalid = 0,
        /// DeploymentActive denotes state for deployment active.
        Active = 1,
        /// DeploymentClosed denotes state for deployment closed.
        Closed = 2,
    }
    impl State {
        /// String value of the enum field names used in the ProtoBuf definition.
        ///
        /// The values are not transformed in any way and thus are considered stable
        /// (if the ProtoBuf definition does not change) and safe for programmatic use.
        pub fn as_str_name(&self) -> &'static str {
            match self {
                State::Invalid => "invalid",
                State::Active => "active",
                State::Closed => "closed",
            }
        }
        /// Creates an enum from field names used in the ProtoBuf definition.
        pub fn from_str_name(value: &str) -> ::core::option::Option<Self> {
            match value {
                "invalid" => Some(Self::Invalid),
                "active" => Some(Self::Active),
                "closed" => Some(Self::Closed),
                _ => None,
            }
        }
    }
}
/// DeploymentReclamation defines the tenant's reclamation requirements.
/// Stored on the Deployment and propagated to Orders.
#[allow(clippy::derive_partial_eq_without_eq)]
#[derive(Clone, Copy, PartialEq, ::prost::Message)]
pub struct DeploymentReclamation {
    /// min_window is the minimum reclamation window the tenant requires.
    #[prost(message, optional, tag="1")]
    pub min_window: ::core::option::Option<::pbjson_types::Duration>,
}
/// GroupID uniquely identifies a group within a deployment on the network.
/// A group represents a specific collection of resources or configurations
/// within a deployment.
/// It stores owner, deployment sequence number (dseq) and group sequence number (gseq).
#[allow(clippy::derive_partial_eq_without_eq)]
#[derive(Clone, PartialEq, ::prost::Message)]
pub struct GroupId {
    /// Owner is the account address of the user who owns the group.
    /// It is a string representing a valid account address.
    ///
    /// Example:
    ///    "akash1..."
    #[prost(string, tag="1")]
    pub owner: ::prost::alloc::string::String,
    /// Dseq (deployment sequence number) is a unique numeric identifier for the deployment.
    /// It is used to differentiate deployments created by the same owner.
    #[prost(uint64, tag="2")]
    pub dseq: u64,
    /// Gseq (group sequence number) is a unique numeric identifier for the group.
    /// It is used to differentiate groups created by the same owner in a deployment.
    #[prost(uint32, tag="3")]
    pub gseq: u32,
}
/// VolumeRef addresses one Storage entry of a storage-only ("volume") group.
#[allow(clippy::derive_partial_eq_without_eq)]
#[derive(Clone, PartialEq, ::prost::Message)]
pub struct VolumeRef {
    /// Owner is the account bech32 address of the user who owns the volume group.
    /// It is a string representing a valid bech32 account address.
    ///
    /// Example:
    ///    "akash1..."
    #[prost(string, tag="1")]
    pub owner: ::prost::alloc::string::String,
    /// Dseq (deployment sequence number) of the volume deployment.
    #[prost(uint64, tag="2")]
    pub dseq: u64,
    /// Gseq (group sequence number) of the volume group. Always 1 in v1:
    /// a deployment containing a volume group contains only that group.
    #[prost(uint32, tag="3")]
    pub gseq: u32,
    /// Name is the Storage.Name of the single storage entry in the volume group.
    #[prost(string, tag="4")]
    pub name: ::prost::alloc::string::String,
}
/// VolumePolicy marks a group as a storage-only volume group and carries its
/// lifecycle contract. Presence of this message IS the volume discriminator.
#[allow(clippy::derive_partial_eq_without_eq)]
#[derive(Clone, PartialEq, ::prost::Message)]
pub struct VolumePolicy {
    /// Vid is the tenant-chosen data-continuity label (DNS-label grammar,
    /// [a-z0-9](\[-a-z0-9\]{0,61}\[a-z0-9\])?). Typed field -- NEVER a storage
    /// attribute (attributes flow into AttributesSubsetOf provider matching
    /// and would make the order unbiddable).
    #[prost(string, tag="1")]
    pub vid: ::prost::alloc::string::String,
    /// Reclaim declares the post-close fate of the volume's data.
    #[prost(enumeration="volume_policy::ReclaimPolicy", tag="2")]
    pub reclaim: i32,
    /// Retention is the post-close window the provider must keep the data
    /// adoptable. Bounded by deployment Params.MaxVolumeRetention; priced into
    /// the bid. GC deadline is chain-computable: closedLease.ClosedAt + retention.
    #[prost(message, optional, tag="3")]
    pub retention: ::core::option::Option<::pbjson_types::Duration>,
    /// MaxAttachments bounds concurrent attached compute leases.
    /// Validation forces 1 in v1 (RWO); the field exists so RWX is additive.
    #[prost(uint32, tag="4")]
    pub max_attachments: u32,
    /// MaxReplicas declares how many replica volumes the tenant may point at
    /// this volume (replica_of backrefs). >0 obliges the winning provider to
    /// serve replication export traffic -- a bid-time-known, priced duty.
    #[prost(uint32, tag="5")]
    pub max_replicas: u32,
    /// Adopt, when set, makes this volume an ADOPTION of a dead retained volume:
    /// same owner, same vid, group closed, within its retention window. Bids are
    /// chain-gated to the provider of adopt's last closed lease.
    #[prost(message, optional, tag="6")]
    pub adopt: ::core::option::Option<VolumeRef>,
    /// ReplicaOf, when set, declares this volume a replica of the named volume
    /// (same owner). Drives data-plane authorization on both ends.
    #[prost(message, optional, tag="7")]
    pub replica_of: ::core::option::Option<VolumeRef>,
}
/// Nested message and enum types in `VolumePolicy`.
pub mod volume_policy {
    /// ReclaimPolicy declares what happens to the volume's data after its
    /// lease closes.
    #[derive(Clone, Copy, Debug, PartialEq, Eq, Hash, PartialOrd, Ord, ::prost::Enumeration)]
    #[repr(i32)]
    pub enum ReclaimPolicy {
        /// Prefix should start with 0 in enum. So declaring dummy state.
        Invalid = 0,
        /// retain keeps the data adoptable for the retention window after close.
        Retain = 1,
        /// delete destroys the data immediately after close and detach.
        Delete = 2,
    }
    impl ReclaimPolicy {
        /// String value of the enum field names used in the ProtoBuf definition.
        ///
        /// The values are not transformed in any way and thus are considered stable
        /// (if the ProtoBuf definition does not change) and safe for programmatic use.
        pub fn as_str_name(&self) -> &'static str {
            match self {
                ReclaimPolicy::Invalid => "invalid",
                ReclaimPolicy::Retain => "retain",
                ReclaimPolicy::Delete => "delete",
            }
        }
        /// Creates an enum from field names used in the ProtoBuf definition.
        pub fn from_str_name(value: &str) -> ::core::option::Option<Self> {
            match value {
                "invalid" => Some(Self::Invalid),
                "retain" => Some(Self::Retain),
                "delete" => Some(Self::Delete),
                _ => None,
            }
        }
    }
}
/// EventDeploymentCreated event is triggered when deployment is created on chain.
/// It contains all the information required to identify a deployment.
#[allow(clippy::derive_partial_eq_without_eq)]
#[derive(Clone, PartialEq, ::prost::Message)]
pub struct EventDeploymentCreated {
    /// ID is the unique identifier of the deployment.
    #[prost(message, optional, tag="1")]
    pub id: ::core::option::Option<DeploymentId>,
    /// Hash is an hashed representation of the deployment.
    #[prost(bytes="bytes", tag="2")]
    pub hash: ::prost::bytes::Bytes,
}
/// EventDeploymentUpdated is triggered when deployment is updated on chain.
/// It contains all the information required to identify a deployment.
#[allow(clippy::derive_partial_eq_without_eq)]
#[derive(Clone, PartialEq, ::prost::Message)]
pub struct EventDeploymentUpdated {
    /// ID is the unique identifier of the deployment.
    #[prost(message, optional, tag="1")]
    pub id: ::core::option::Option<DeploymentId>,
    /// Hash is an hashed representation of the deployment.
    #[prost(bytes="bytes", tag="2")]
    pub hash: ::prost::bytes::Bytes,
}
/// EventDeploymentClosed is triggered when deployment is closed on chain.
/// It contains all the information required to identify a deployment.
#[allow(clippy::derive_partial_eq_without_eq)]
#[derive(Clone, PartialEq, ::prost::Message)]
pub struct EventDeploymentClosed {
    /// ID is the unique identifier of the deployment.
    #[prost(message, optional, tag="1")]
    pub id: ::core::option::Option<DeploymentId>,
}
/// EventGroupStarted is triggered when deployment group is started.
/// It contains all the information required to identify a group.
#[allow(clippy::derive_partial_eq_without_eq)]
#[derive(Clone, PartialEq, ::prost::Message)]
pub struct EventGroupStarted {
    /// ID is the unique identifier of the group.
    #[prost(message, optional, tag="1")]
    pub id: ::core::option::Option<GroupId>,
}
/// EventGroupPaused is triggered when deployment group is paused.
/// It contains all the information required to identify a group.
#[allow(clippy::derive_partial_eq_without_eq)]
#[derive(Clone, PartialEq, ::prost::Message)]
pub struct EventGroupPaused {
    /// ID is the unique identifier of the group.
    #[prost(message, optional, tag="1")]
    pub id: ::core::option::Option<GroupId>,
}
/// EventGroupClosed is triggered when deployment group is closed.
/// It contains all the information required to identify a group.
#[allow(clippy::derive_partial_eq_without_eq)]
#[derive(Clone, PartialEq, ::prost::Message)]
pub struct EventGroupClosed {
    /// ID is the unique identifier of the group.
    #[prost(message, optional, tag="1")]
    pub id: ::core::option::Option<GroupId>,
}
/// EventVolumeAdopted is triggered when a new volume group adopts a dead
/// retained volume, transferring the vid's data continuity to the new group.
#[allow(clippy::derive_partial_eq_without_eq)]
#[derive(Clone, PartialEq, ::prost::Message)]
pub struct EventVolumeAdopted {
    /// ID is the unique identifier of the new (adopting) volume group.
    #[prost(message, optional, tag="1")]
    pub id: ::core::option::Option<GroupId>,
    /// Adopted references the dead retained volume being adopted.
    #[prost(message, optional, tag="2")]
    pub adopted: ::core::option::Option<VolumeRef>,
    /// Vid is the data-continuity label shared by both volumes.
    #[prost(string, tag="3")]
    pub vid: ::prost::alloc::string::String,
}
/// Encoded file descriptor set for the `akash.deployment.v1` package
pub const FILE_DESCRIPTOR_SET: &[u8] = &[
    0x0a, 0xbc, 0x1f, 0x0a, 0x24, 0x61, 0x6b, 0x61, 0x73, 0x68, 0x2f, 0x64, 0x65, 0x70, 0x6c, 0x6f,
    0x79, 0x6d, 0x65, 0x6e, 0x74, 0x2f, 0x76, 0x31, 0x2f, 0x64, 0x65, 0x70, 0x6c, 0x6f, 0x79, 0x6d,
    0x65, 0x6e, 0x74, 0x2e, 0x70, 0x72, 0x6f, 0x74, 0x6f, 0x12, 0x13, 0x61, 0x6b, 0x61, 0x73, 0x68,
    0x2e, 0x64, 0x65, 0x70, 0x6c, 0x6f, 0x79, 0x6d, 0x65, 0x6e, 0x74, 0x2e, 0x76, 0x31, 0x1a, 0x14,
    0x67, 0x6f, 0x67, 0x6f, 0x70, 0x72, 0x6f, 0x74, 0x6f, 0x2f, 0x67, 0x6f, 0x67, 0x6f, 0x2e, 0x70,
    0x72, 0x6f, 0x74, 0x6f, 0x1a, 0x19, 0x63, 0x6f, 0x73, 0x6d, 0x6f, 0x73, 0x5f, 0x70, 0x72, 0x6f,
    0x74, 0x6f, 0x2f, 0x63, 0x6f, 0x73, 0x6d, 0x6f, 0x73, 0x2e, 0x70, 0x72, 0x6f, 0x74, 0x6f, 0x1a,
    0x1e, 0x67, 0x6f, 0x6f, 0x67, 0x6c, 0x65, 0x2f, 0x70, 0x72, 0x6f, 0x74, 0x6f, 0x62, 0x75, 0x66,
    0x2f, 0x64, 0x75, 0x72, 0x61, 0x74, 0x69, 0x6f, 0x6e, 0x2e, 0x70, 0x72, 0x6f, 0x74, 0x6f, 0x22,
    0x96, 0x01, 0x0a, 0x0c, 0x44, 0x65, 0x70, 0x6c, 0x6f, 0x79, 0x6d, 0x65, 0x6e, 0x74, 0x49, 0x44,
    0x12, 0x47, 0x0a, 0x05, 0x6f, 0x77, 0x6e, 0x65, 0x72, 0x18, 0x01, 0x20, 0x01, 0x28, 0x09, 0x42,
    0x31, 0xea, 0xde, 0x1f, 0x05, 0x6f, 0x77, 0x6e, 0x65, 0x72, 0xf2, 0xde, 0x1f, 0x0c, 0x79, 0x61,
    0x6d, 0x6c, 0x3a, 0x22, 0x6f, 0x77, 0x6e, 0x65, 0x72, 0x22, 0xd2, 0xb4, 0x2d, 0x14, 0x63, 0x6f,
    0x73, 0x6d, 0x6f, 0x73, 0x2e, 0x41, 0x64, 0x64, 0x72, 0x65, 0x73, 0x73, 0x53, 0x74, 0x72, 0x69,
    0x6e, 0x67, 0x52, 0x05, 0x6f, 0x77, 0x6e, 0x65, 0x72, 0x12, 0x33, 0x0a, 0x04, 0x64, 0x73, 0x65,
    0x71, 0x18, 0x02, 0x20, 0x01, 0x28, 0x04, 0x42, 0x1f, 0xe2, 0xde, 0x1f, 0x04, 0x44, 0x53, 0x65,
    0x71, 0xea, 0xde, 0x1f, 0x04, 0x64, 0x73, 0x65, 0x71, 0xf2, 0xde, 0x1f, 0x0b, 0x79, 0x61, 0x6d,
    0x6c, 0x3a, 0x22, 0x64, 0x73, 0x65, 0x71, 0x22, 0x52, 0x04, 0x64, 0x73, 0x65, 0x71, 0x3a, 0x08,
    0x98, 0xa0, 0x1f, 0x00, 0xe8, 0xa0, 0x1f, 0x01, 0x22, 0x92, 0x04, 0x0a, 0x0a, 0x44, 0x65, 0x70,
    0x6c, 0x6f, 0x79, 0x6d, 0x65, 0x6e, 0x74, 0x12, 0x50, 0x0a, 0x02, 0x69, 0x64, 0x18, 0x01, 0x20,
    0x01, 0x28, 0x0b, 0x32, 0x21, 0x2e, 0x61, 0x6b, 0x61, 0x73, 0x68, 0x2e, 0x64, 0x65, 0x70, 0x6c,
    0x6f, 0x79, 0x6d, 0x65, 0x6e, 0x74, 0x2e, 0x76, 0x31, 0x2e, 0x44, 0x65, 0x70, 0x6c, 0x6f, 0x79,
    0x6d, 0x65, 0x6e, 0x74, 0x49, 0x44, 0x42, 0x1d, 0xc8, 0xde, 0x1f, 0x00, 0xe2, 0xde, 0x1f, 0x02,
    0x49, 0x44, 0xea, 0xde, 0x1f, 0x02, 0x69, 0x64, 0xf2, 0xde, 0x1f, 0x09, 0x79, 0x61, 0x6d, 0x6c,
    0x3a, 0x22, 0x69, 0x64, 0x22, 0x52, 0x02, 0x69, 0x64, 0x12, 0x56, 0x0a, 0x05, 0x73, 0x74, 0x61,
    0x74, 0x65, 0x18, 0x02, 0x20, 0x01, 0x28, 0x0e, 0x32, 0x25, 0x2e, 0x61, 0x6b, 0x61, 0x73, 0x68,
    0x2e, 0x64, 0x65, 0x70, 0x6c, 0x6f, 0x79, 0x6d, 0x65, 0x6e, 0x74, 0x2e, 0x76, 0x31, 0x2e, 0x44,
    0x65, 0x70, 0x6c, 0x6f, 0x79, 0x6d, 0x65, 0x6e, 0x74, 0x2e, 0x53, 0x74, 0x61, 0x74, 0x65, 0x42,
    0x19, 0xea, 0xde, 0x1f, 0x05, 0x73, 0x74, 0x61, 0x74, 0x65, 0xf2, 0xde, 0x1f, 0x0c, 0x79, 0x61,
    0x6d, 0x6c, 0x3a, 0x22, 0x73, 0x74, 0x61, 0x74, 0x65, 0x22, 0x52, 0x05, 0x73, 0x74, 0x61, 0x74,
    0x65, 0x12, 0x2b, 0x0a, 0x04, 0x68, 0x61, 0x73, 0x68, 0x18, 0x03, 0x20, 0x01, 0x28, 0x0c, 0x42,
    0x17, 0xea, 0xde, 0x1f, 0x04, 0x68, 0x61, 0x73, 0x68, 0xf2, 0xde, 0x1f, 0x0b, 0x79, 0x61, 0x6d,
    0x6c, 0x3a, 0x22, 0x68, 0x61, 0x73, 0x68, 0x22, 0x52, 0x04, 0x68, 0x61, 0x73, 0x68, 0x12, 0x1d,
    0x0a, 0x0a, 0x63, 0x72, 0x65, 0x61, 0x74, 0x65, 0x64, 0x5f, 0x61, 0x74, 0x18, 0x04, 0x20, 0x01,
    0x28, 0x03, 0x52, 0x09, 0x63, 0x72, 0x65, 0x61, 0x74, 0x65, 0x64, 0x41, 0x74, 0x12, 0x8b, 0x01,
    0x0a, 0x0b, 0x72, 0x65, 0x63, 0x6c, 0x61, 0x6d, 0x61, 0x74, 0x69, 0x6f, 0x6e, 0x18, 0x05, 0x20,
    0x01, 0x28, 0x0b, 0x32, 0x2a, 0x2e, 0x61, 0x6b, 0x61, 0x73, 0x68, 0x2e, 0x64, 0x65, 0x70, 0x6c,
    0x6f, 0x79, 0x6d, 0x65, 0x6e, 0x74, 0x2e, 0x76, 0x31, 0x2e, 0x44, 0x65, 0x70, 0x6c, 0x6f, 0x79,
    0x6d, 0x65, 0x6e, 0x74, 0x52, 0x65, 0x63, 0x6c, 0x61, 0x6d, 0x61, 0x74, 0x69, 0x6f, 0x6e, 0x42,
    0x3d, 0xc8, 0xde, 0x1f, 0x01, 0xea, 0xde, 0x1f, 0x15, 0x72, 0x65, 0x63, 0x6c, 0x61, 0x6d, 0x61,
    0x74, 0x69, 0x6f, 0x6e, 0x2c, 0x6f, 0x6d, 0x69, 0x74, 0x65, 0x6d, 0x70, 0x74, 0x79, 0xf2, 0xde,
    0x1f, 0x1c, 0x79, 0x61, 0x6d, 0x6c, 0x3a, 0x22, 0x72, 0x65, 0x63, 0x6c, 0x61, 0x6d, 0x61, 0x74,
    0x69, 0x6f, 0x6e, 0x2c, 0x6f, 0x6d, 0x69, 0x74, 0x65, 0x6d, 0x70, 0x74, 0x79, 0x22, 0x52, 0x0b,
    0x72, 0x65, 0x63, 0x6c, 0x61, 0x6d, 0x61, 0x74, 0x69, 0x6f, 0x6e, 0x22, 0x7a, 0x0a, 0x05, 0x53,
    0x74, 0x61, 0x74, 0x65, 0x12, 0x27, 0x0a, 0x07, 0x69, 0x6e, 0x76, 0x61, 0x6c, 0x69, 0x64, 0x10,
    0x00, 0x1a, 0x1a, 0x8a, 0x9d, 0x20, 0x16, 0x44, 0x65, 0x70, 0x6c, 0x6f, 0x79, 0x6d, 0x65, 0x6e,
    0x74, 0x53, 0x74, 0x61, 0x74, 0x65, 0x49, 0x6e, 0x76, 0x61, 0x6c, 0x69, 0x64, 0x12, 0x20, 0x0a,
    0x06, 0x61, 0x63, 0x74, 0x69, 0x76, 0x65, 0x10, 0x01, 0x1a, 0x14, 0x8a, 0x9d, 0x20, 0x10, 0x44,
    0x65, 0x70, 0x6c, 0x6f, 0x79, 0x6d, 0x65, 0x6e, 0x74, 0x41, 0x63, 0x74, 0x69, 0x76, 0x65, 0x12,
    0x20, 0x0a, 0x06, 0x63, 0x6c, 0x6f, 0x73, 0x65, 0x64, 0x10, 0x02, 0x1a, 0x14, 0x8a, 0x9d, 0x20,
    0x10, 0x44, 0x65, 0x70, 0x6c, 0x6f, 0x79, 0x6d, 0x65, 0x6e, 0x74, 0x43, 0x6c, 0x6f, 0x73, 0x65,
    0x64, 0x1a, 0x04, 0x88, 0xa3, 0x1e, 0x00, 0x3a, 0x04, 0xe8, 0xa0, 0x1f, 0x00, 0x22, 0x7e, 0x0a,
    0x15, 0x44, 0x65, 0x70, 0x6c, 0x6f, 0x79, 0x6d, 0x65, 0x6e, 0x74, 0x52, 0x65, 0x63, 0x6c, 0x61,
    0x6d, 0x61, 0x74, 0x69, 0x6f, 0x6e, 0x12, 0x65, 0x0a, 0x0a, 0x6d, 0x69, 0x6e, 0x5f, 0x77, 0x69,
    0x6e, 0x64, 0x6f, 0x77, 0x18, 0x01, 0x20, 0x01, 0x28, 0x0b, 0x32, 0x19, 0x2e, 0x67, 0x6f, 0x6f,
    0x67, 0x6c, 0x65, 0x2e, 0x70, 0x72, 0x6f, 0x74, 0x6f, 0x62, 0x75, 0x66, 0x2e, 0x44, 0x75, 0x72,
    0x61, 0x74, 0x69, 0x6f, 0x6e, 0x42, 0x2b, 0xc8, 0xde, 0x1f, 0x00, 0xea, 0xde, 0x1f, 0x0a, 0x6d,
    0x69, 0x6e, 0x5f, 0x77, 0x69, 0x6e, 0x64, 0x6f, 0x77, 0xf2, 0xde, 0x1f, 0x11, 0x79, 0x61, 0x6d,
    0x6c, 0x3a, 0x22, 0x6d, 0x69, 0x6e, 0x5f, 0x77, 0x69, 0x6e, 0x64, 0x6f, 0x77, 0x22, 0x98, 0xdf,
    0x1f, 0x01, 0x52, 0x09, 0x6d, 0x69, 0x6e, 0x57, 0x69, 0x6e, 0x64, 0x6f, 0x77, 0x42, 0xbb, 0x01,
    0x0a, 0x17, 0x63, 0x6f, 0x6d, 0x2e, 0x61, 0x6b, 0x61, 0x73, 0x68, 0x2e, 0x64, 0x65, 0x70, 0x6c,
    0x6f, 0x79, 0x6d, 0x65, 0x6e, 0x74, 0x2e, 0x76, 0x31, 0x42, 0x0f, 0x44, 0x65, 0x70, 0x6c, 0x6f,
    0x79, 0x6d, 0x65, 0x6e, 0x74, 0x50, 0x72, 0x6f, 0x74, 0x6f, 0x50, 0x01, 0x5a, 0x21, 0x70, 0x6b,
    0x67, 0x2e, 0x61, 0x6b, 0x74, 0x2e, 0x64, 0x65, 0x76, 0x2f, 0x67, 0x6f, 0x2f, 0x6e, 0x6f, 0x64,
    0x65, 0x2f, 0x64, 0x65, 0x70, 0x6c, 0x6f, 0x79, 0x6d, 0x65, 0x6e, 0x74, 0x2f, 0x76, 0x31, 0xa2,
    0x02, 0x03, 0x41, 0x44, 0x58, 0xaa, 0x02, 0x13, 0x41, 0x6b, 0x61, 0x73, 0x68, 0x2e, 0x44, 0x65,
    0x70, 0x6c, 0x6f, 0x79, 0x6d, 0x65, 0x6e, 0x74, 0x2e, 0x56, 0x31, 0xca, 0x02, 0x13, 0x41, 0x6b,
    0x61, 0x73, 0x68, 0x5c, 0x44, 0x65, 0x70, 0x6c, 0x6f, 0x79, 0x6d, 0x65, 0x6e, 0x74, 0x5c, 0x56,
    0x31, 0xe2, 0x02, 0x1f, 0x41, 0x6b, 0x61, 0x73, 0x68, 0x5c, 0x44, 0x65, 0x70, 0x6c, 0x6f, 0x79,
    0x6d, 0x65, 0x6e, 0x74, 0x5c, 0x56, 0x31, 0x5c, 0x47, 0x50, 0x42, 0x4d, 0x65, 0x74, 0x61, 0x64,
    0x61, 0x74, 0x61, 0xea, 0x02, 0x15, 0x41, 0x6b, 0x61, 0x73, 0x68, 0x3a, 0x3a, 0x44, 0x65, 0x70,
    0x6c, 0x6f, 0x79, 0x6d, 0x65, 0x6e, 0x74, 0x3a, 0x3a, 0x56, 0x31, 0x4a, 0xb9, 0x16, 0x0a, 0x06,
    0x12, 0x04, 0x00, 0x00, 0x5e, 0x01, 0x0a, 0x08, 0x0a, 0x01, 0x0c, 0x12, 0x03, 0x00, 0x00, 0x12,
    0x0a, 0x08, 0x0a, 0x01, 0x02, 0x12, 0x03, 0x01, 0x00, 0x1c, 0x0a, 0x09, 0x0a, 0x02, 0x03, 0x00,
    0x12, 0x03, 0x03, 0x00, 0x1e, 0x0a, 0x09, 0x0a, 0x02, 0x03, 0x01, 0x12, 0x03, 0x04, 0x00, 0x23,
    0x0a, 0x09, 0x0a, 0x02, 0x03, 0x02, 0x12, 0x03, 0x05, 0x00, 0x28, 0x0a, 0x08, 0x0a, 0x01, 0x08,
    0x12, 0x03, 0x07, 0x00, 0x38, 0x0a, 0x09, 0x0a, 0x02, 0x08, 0x0b, 0x12, 0x03, 0x07, 0x00, 0x38,
    0x0a, 0xb2, 0x01, 0x0a, 0x02, 0x04, 0x00, 0x12, 0x04, 0x0b, 0x00, 0x21, 0x01, 0x1a, 0xa5, 0x01,
    0x20, 0x44, 0x65, 0x70, 0x6c, 0x6f, 0x79, 0x6d, 0x65, 0x6e, 0x74, 0x49, 0x44, 0x20, 0x72, 0x65,
    0x70, 0x72, 0x65, 0x73, 0x65, 0x6e, 0x74, 0x73, 0x20, 0x61, 0x20, 0x75, 0x6e, 0x69, 0x71, 0x75,
    0x65, 0x20, 0x69, 0x64, 0x65, 0x6e, 0x74, 0x69, 0x66, 0x69, 0x65, 0x72, 0x20, 0x66, 0x6f, 0x72,
    0x20, 0x61, 0x20, 0x73, 0x70, 0x65, 0x63, 0x69, 0x66, 0x69, 0x63, 0x20, 0x64, 0x65, 0x70, 0x6c,
    0x6f, 0x79, 0x6d, 0x65, 0x6e, 0x74, 0x20, 0x6f, 0x6e, 0x20, 0x74, 0x68, 0x65, 0x20, 0x6e, 0x65,
    0x74, 0x77, 0x6f, 0x72, 0x6b, 0x2e, 0x0a, 0x20, 0x49, 0x74, 0x20, 0x69, 0x73, 0x20, 0x63, 0x6f,
    0x6d, 0x70, 0x6f, 0x73, 0x65, 0x64, 0x20, 0x6f, 0x66, 0x20, 0x74, 0x77, 0x6f, 0x20, 0x66, 0x69,
    0x65, 0x6c, 0x64, 0x73, 0x3a, 0x20, 0x61, 0x6e, 0x20, 0x6f, 0x77, 0x6e, 0x65, 0x72, 0x20, 0x61,
    0x64, 0x64, 0x72, 0x65, 0x73, 0x73, 0x20, 0x61, 0x6e, 0x64, 0x20, 0x61, 0x20, 0x73, 0x65, 0x71,
    0x75, 0x65, 0x6e, 0x63, 0x65, 0x20, 0x6e, 0x75, 0x6d, 0x62, 0x65, 0x72, 0x20, 0x28, 0x64, 0x73,
    0x65, 0x71, 0x29, 0x2e, 0x0a, 0x0a, 0x0a, 0x0a, 0x03, 0x04, 0x00, 0x01, 0x12, 0x03, 0x0b, 0x08,
    0x14, 0x0a, 0x0a, 0x0a, 0x03, 0x04, 0x00, 0x07, 0x12, 0x03, 0x0c, 0x02, 0x2d, 0x0a, 0x0d, 0x0a,
    0x06, 0x04, 0x00, 0x07, 0x8d, 0xf4, 0x03, 0x12, 0x03, 0x0c, 0x02, 0x2d, 0x0a, 0x0a, 0x0a, 0x03,
    0x04, 0x00, 0x07, 0x12, 0x03, 0x0d, 0x02, 0x2e, 0x0a, 0x0d, 0x0a, 0x06, 0x04, 0x00, 0x07, 0x83,
    0xf4, 0x03, 0x12, 0x03, 0x0d, 0x02, 0x2e, 0x0a, 0xb0, 0x01, 0x0a, 0x04, 0x04, 0x00, 0x02, 0x00,
    0x12, 0x04, 0x14, 0x02, 0x18, 0x04, 0x1a, 0xa1, 0x01, 0x20, 0x4f, 0x77, 0x6e, 0x65, 0x72, 0x20,
    0x69, 0x73, 0x20, 0x74, 0x68, 0x65, 0x20, 0x61, 0x63, 0x63, 0x6f, 0x75, 0x6e, 0x74, 0x20, 0x62,
    0x65, 0x63, 0x68, 0x33, 0x32, 0x20, 0x61, 0x64, 0x64, 0x72, 0x65, 0x73, 0x73, 0x20, 0x6f, 0x66,
    0x20, 0x74, 0x68, 0x65, 0x20, 0x75, 0x73, 0x65, 0x72, 0x20, 0x77, 0x68, 0x6f, 0x20, 0x6f, 0x77,
    0x6e, 0x73, 0x20, 0x74, 0x68, 0x65, 0x20, 0x64, 0x65, 0x70, 0x6c, 0x6f, 0x79, 0x6d, 0x65, 0x6e,
    0x74, 0x2e, 0x0a, 0x20, 0x49, 0x74, 0x20, 0x69, 0x73, 0x20, 0x61, 0x20, 0x73, 0x74, 0x72, 0x69,
    0x6e, 0x67, 0x20, 0x72, 0x65, 0x70, 0x72, 0x65, 0x73, 0x65, 0x6e, 0x74, 0x69, 0x6e, 0x67, 0x20,
    0x61, 0x20, 0x76, 0x61, 0x6c, 0x69, 0x64, 0x20, 0x62, 0x65, 0x63, 0x68, 0x33, 0x32, 0x20, 0x61,
    0x63, 0x63, 0x6f, 0x75, 0x6e, 0x74, 0x20, 0x61, 0x64, 0x64, 0x72, 0x65, 0x73, 0x73, 0x2e, 0x0a,
    0x0a, 0x20, 0x45, 0x78, 0x61, 0x6d, 0x70, 0x6c, 0x65, 0x3a, 0x0a, 0x20, 0x20, 0x20, 0x22, 0x61,
    0x6b, 0x61, 0x73, 0x68, 0x31, 0x2e, 0x2e, 0x2e, 0x22, 0x0a, 0x0a, 0x0c, 0x0a, 0x05, 0x04, 0x00,
    0x02, 0x00, 0x05, 0x12, 0x03, 0x14, 0x02, 0x08, 0x0a, 0x0c, 0x0a, 0x05, 0x04, 0x00, 0x02, 0x00,
    0x01, 0x12, 0x03, 0x14, 0x09, 0x0e, 0x0a, 0x0c, 0x0a, 0x05, 0x04, 0x00, 0x02, 0x00, 0x03, 0x12,
    0x03, 0x14, 0x11, 0x12, 0x0a, 0x0d, 0x0a, 0x05, 0x04, 0x00, 0x02, 0x00, 0x08, 0x12, 0x04, 0x14,
    0x13, 0x18, 0x03, 0x0a, 0x0f, 0x0a, 0x08, 0x04, 0x00, 0x02, 0x00, 0x08, 0xca, 0xd6, 0x05, 0x12,
    0x03, 0x15, 0x04, 0x32, 0x0a, 0x0f, 0x0a, 0x08, 0x04, 0x00, 0x02, 0x00, 0x08, 0xed, 0xfb, 0x03,
    0x12, 0x03, 0x16, 0x04, 0x23, 0x0a, 0x0f, 0x0a, 0x08, 0x04, 0x00, 0x02, 0x00, 0x08, 0xee, 0xfb,
    0x03, 0x12, 0x03, 0x17, 0x04, 0x2c, 0x0a, 0xa9, 0x01, 0x0a, 0x04, 0x04, 0x00, 0x02, 0x01, 0x12,
    0x04, 0x1c, 0x02, 0x20, 0x04, 0x1a, 0x9a, 0x01, 0x20, 0x44, 0x73, 0x65, 0x71, 0x20, 0x28, 0x64,
    0x65, 0x70, 0x6c, 0x6f, 0x79, 0x6d, 0x65, 0x6e, 0x74, 0x20, 0x73, 0x65, 0x71, 0x75, 0x65, 0x6e,
    0x63, 0x65, 0x20, 0x6e, 0x75, 0x6d, 0x62, 0x65, 0x72, 0x29, 0x20, 0x69, 0x73, 0x20, 0x61, 0x20,
    0x75, 0x6e, 0x69, 0x71, 0x75, 0x65, 0x20, 0x6e, 0x75, 0x6d, 0x65, 0x72, 0x69, 0x63, 0x20, 0x69,
    0x64, 0x65, 0x6e, 0x74, 0x69, 0x66, 0x69, 0x65, 0x72, 0x20, 0x66, 0x6f, 0x72, 0x20, 0x74, 0x68,
    0x65, 0x20, 0x64, 0x65, 0x70, 0x6c, 0x6f, 0x79, 0x6d, 0x65, 0x6e, 0x74, 0x2e, 0x0a, 0x20, 0x49,
    0x74, 0x20, 0x69, 0x73, 0x20, 0x75, 0x73, 0x65, 0x64, 0x20, 0x74, 0x6f, 0x20, 0x64, 0x69, 0x66,
    0x66, 0x65, 0x72, 0x65, 0x6e, 0x74, 0x69, 0x61, 0x74, 0x65, 0x20, 0x64, 0x65, 0x70, 0x6c, 0x6f,
    0x79, 0x6d, 0x65, 0x6e, 0x74, 0x73, 0x20, 0x63, 0x72, 0x65, 0x61, 0x74, 0x65, 0x64, 0x20, 0x62,
    0x79, 0x20, 0x74, 0x68, 0x65, 0x20, 0x73, 0x61, 0x6d, 0x65, 0x20, 0x6f, 0x77, 0x6e, 0x65, 0x72,
    0x2e, 0x0a, 0x0a, 0x0c, 0x0a, 0x05, 0x04, 0x00, 0x02, 0x01, 0x05, 0x12, 0x03, 0x1c, 0x02, 0x08,
    0x0a, 0x0c, 0x0a, 0x05, 0x04, 0x00, 0x02, 0x01, 0x01, 0x12, 0x03, 0x1c, 0x09, 0x0d, 0x0a, 0x0c,
    0x0a, 0x05, 0x04, 0x00, 0x02, 0x01, 0x03, 0x12, 0x03, 0x1c, 0x10, 0x11, 0x0a, 0x0d, 0x0a, 0x05,
    0x04, 0x00, 0x02, 0x01, 0x08, 0x12, 0x04, 0x1c, 0x12, 0x20, 0x03, 0x0a, 0x0f, 0x0a, 0x08, 0x04,
    0x00, 0x02, 0x01, 0x08, 0xec, 0xfb, 0x03, 0x12, 0x03, 0x1d, 0x04, 0x23, 0x0a, 0x0f, 0x0a, 0x08,
    0x04, 0x00, 0x02, 0x01, 0x08, 0xed, 0xfb, 0x03, 0x12, 0x03, 0x1e, 0x04, 0x23, 0x0a, 0x0f, 0x0a,
    0x08, 0x04, 0x00, 0x02, 0x01, 0x08, 0xee, 0xfb, 0x03, 0x12, 0x03, 0x1f, 0x04, 0x2c, 0x0a, 0x49,
    0x0a, 0x02, 0x04, 0x01, 0x12, 0x04, 0x24, 0x00, 0x52, 0x01, 0x1a, 0x3d, 0x20, 0x44, 0x65, 0x70,
    0x6c, 0x6f, 0x79, 0x6d, 0x65, 0x6e, 0x74, 0x20, 0x73, 0x74, 0x6f, 0x72, 0x65, 0x73, 0x20, 0x64,
    0x65, 0x70, 0x6c, 0x6f, 0x79, 0x6d, 0x65, 0x6e, 0x74, 0x49, 0x44, 0x2c, 0x20, 0x73, 0x74, 0x61,
    0x74, 0x65, 0x20, 0x61, 0x6e, 0x64, 0x20, 0x63, 0x68, 0x65, 0x63, 0x6b, 0x73, 0x75, 0x6d, 0x20,
    0x64, 0x65, 0x74, 0x61, 0x69, 0x6c, 0x73, 0x2e, 0x0a, 0x0a, 0x0a, 0x0a, 0x03, 0x04, 0x01, 0x01,
    0x12, 0x03, 0x24, 0x08, 0x12, 0x0a, 0x0a, 0x0a, 0x03, 0x04, 0x01, 0x07, 0x12, 0x03, 0x25, 0x02,
    0x23, 0x0a, 0x0d, 0x0a, 0x06, 0x04, 0x01, 0x07, 0x8d, 0xf4, 0x03, 0x12, 0x03, 0x25, 0x02, 0x23,
    0x0a, 0x45, 0x0a, 0x04, 0x04, 0x01, 0x04, 0x00, 0x12, 0x04, 0x28, 0x03, 0x31, 0x03, 0x1a, 0x37,
    0x20, 0x53, 0x74, 0x61, 0x74, 0x65, 0x20, 0x69, 0x73, 0x20, 0x61, 0x6e, 0x20, 0x65, 0x6e, 0x75,
    0x6d, 0x20, 0x77, 0x68, 0x69, 0x63, 0x68, 0x20, 0x72, 0x65, 0x66, 0x65, 0x72, 0x73, 0x20, 0x74,
    0x6f, 0x20, 0x73, 0x74, 0x61, 0x74, 0x65, 0x20, 0x6f, 0x66, 0x20, 0x64, 0x65, 0x70, 0x6c, 0x6f,
    0x79, 0x6d, 0x65, 0x6e, 0x74, 0x2e, 0x0a, 0x0a, 0x0c, 0x0a, 0x05, 0x04, 0x01, 0x04, 0x00, 0x01,
    0x12, 0x03, 0x28, 0x08, 0x0d, 0x0a, 0x0c, 0x0a, 0x05, 0x04, 0x01, 0x04, 0x00, 0x03, 0x12, 0x03,
    0x29, 0x06, 0x35, 0x0a, 0x0f, 0x0a, 0x08, 0x04, 0x01, 0x04, 0x00, 0x03, 0xb1, 0xe4, 0x03, 0x12,
    0x03, 0x29, 0x06, 0x35, 0x0a, 0x4e, 0x0a, 0x06, 0x04, 0x01, 0x04, 0x00, 0x02, 0x00, 0x12, 0x03,
    0x2c, 0x06, 0x50, 0x1a, 0x3f, 0x20, 0x50, 0x72, 0x65, 0x66, 0x69, 0x78, 0x20, 0x73, 0x68, 0x6f,
    0x75, 0x6c, 0x64, 0x20, 0x73, 0x74, 0x61, 0x72, 0x74, 0x20, 0x77, 0x69, 0x74, 0x68, 0x20, 0x30,
    0x20, 0x69, 0x6e, 0x20, 0x65, 0x6e, 0x75, 0x6d, 0x2e, 0x20, 0x53, 0x6f, 0x20, 0x64, 0x65, 0x63,
    0x6c, 0x61, 0x72, 0x69, 0x6e, 0x67, 0x20, 0x64, 0x75, 0x6d, 0x6d, 0x79, 0x20, 0x73, 0x74, 0x61,
    0x74, 0x65, 0x2e, 0x0a, 0x0a, 0x0e, 0x0a, 0x07, 0x04, 0x01, 0x04, 0x00, 0x02, 0x00, 0x01, 0x12,
    0x03, 0x2c, 0x06, 0x0d, 0x0a, 0x0e, 0x0a, 0x07, 0x04, 0x01, 0x04, 0x00, 0x02, 0x00, 0x02, 0x12,
    0x03, 0x2c, 0x10, 0x11, 0x0a, 0x0e, 0x0a, 0x07, 0x04, 0x01, 0x04, 0x00, 0x02, 0x00, 0x03, 0x12,
    0x03, 0x2c, 0x12, 0x4f, 0x0a, 0x11, 0x0a, 0x0a, 0x04, 0x01, 0x04, 0x00, 0x02, 0x00, 0x03, 0xd1,
    0x83, 0x04, 0x12, 0x03, 0x2c, 0x13, 0x4e, 0x0a, 0x46, 0x0a, 0x06, 0x04, 0x01, 0x04, 0x00, 0x02,
    0x01, 0x12, 0x03, 0x2e, 0x06, 0x4a, 0x1a, 0x37, 0x20, 0x44, 0x65, 0x70, 0x6c, 0x6f, 0x79, 0x6d,
    0x65, 0x6e, 0x74, 0x41, 0x63, 0x74, 0x69, 0x76, 0x65, 0x20, 0x64, 0x65, 0x6e, 0x6f, 0x74, 0x65,
    0x73, 0x20, 0x73, 0x74, 0x61, 0x74, 0x65, 0x20, 0x66, 0x6f, 0x72, 0x20, 0x64, 0x65, 0x70, 0x6c,
    0x6f, 0x79, 0x6d, 0x65, 0x6e, 0x74, 0x20, 0x61, 0x63, 0x74, 0x69, 0x76, 0x65, 0x2e, 0x0a, 0x0a,
    0x0e, 0x0a, 0x07, 0x04, 0x01, 0x04, 0x00, 0x02, 0x01, 0x01, 0x12, 0x03, 0x2e, 0x06, 0x0c, 0x0a,
    0x0e, 0x0a, 0x07, 0x04, 0x01, 0x04, 0x00, 0x02, 0x01, 0x02, 0x12, 0x03, 0x2e, 0x0f, 0x10, 0x0a,
    0x0e, 0x0a, 0x07, 0x04, 0x01, 0x04, 0x00, 0x02, 0x01, 0x03, 0x12, 0x03, 0x2e, 0x11, 0x49, 0x0a,
    0x11, 0x0a, 0x0a, 0x04, 0x01, 0x04, 0x00, 0x02, 0x01, 0x03, 0xd1, 0x83, 0x04, 0x12, 0x03, 0x2e,
    0x12, 0x48, 0x0a, 0x46, 0x0a, 0x06, 0x04, 0x01, 0x04, 0x00, 0x02, 0x02, 0x12, 0x03, 0x30, 0x06,
    0x4a, 0x1a, 0x37, 0x20, 0x44, 0x65, 0x70, 0x6c, 0x6f, 0x79, 0x6d, 0x65, 0x6e, 0x74, 0x43, 0x6c,
    0x6f, 0x73, 0x65, 0x64, 0x20, 0x64, 0x65, 0x6e, 0x6f, 0x74, 0x65, 0x73, 0x20, 0x73, 0x74, 0x61,
    0x74, 0x65, 0x20, 0x66, 0x6f, 0x72, 0x20, 0x64, 0x65, 0x70, 0x6c, 0x6f, 0x79, 0x6d, 0x65, 0x6e,
    0x74, 0x20, 0x63, 0x6c, 0x6f, 0x73, 0x65, 0x64, 0x2e, 0x0a, 0x0a, 0x0e, 0x0a, 0x07, 0x04, 0x01,
    0x04, 0x00, 0x02, 0x02, 0x01, 0x12, 0x03, 0x30, 0x06, 0x0c, 0x0a, 0x0e, 0x0a, 0x07, 0x04, 0x01,
    0x04, 0x00, 0x02, 0x02, 0x02, 0x12, 0x03, 0x30, 0x0f, 0x10, 0x0a, 0x0e, 0x0a, 0x07, 0x04, 0x01,
    0x04, 0x00, 0x02, 0x02, 0x03, 0x12, 0x03, 0x30, 0x11, 0x49, 0x0a, 0x11, 0x0a, 0x0a, 0x04, 0x01,
    0x04, 0x00, 0x02, 0x02, 0x03, 0xd1, 0x83, 0x04, 0x12, 0x03, 0x30, 0x12, 0x48, 0x0a, 0x3e, 0x0a,
    0x04, 0x04, 0x01, 0x02, 0x00, 0x12, 0x04, 0x34, 0x02, 0x39, 0x04, 0x1a, 0x30, 0x20, 0x49, 0x44,
    0x20, 0x69, 0x73, 0x20, 0x74, 0x68, 0x65, 0x20, 0x75, 0x6e, 0x69, 0x71, 0x75, 0x65, 0x20, 0x69,
    0x64, 0x65, 0x6e, 0x74, 0x69, 0x66, 0x69, 0x65, 0x72, 0x20, 0x6f, 0x66, 0x20, 0x74, 0x68, 0x65,
    0x20, 0x64, 0x65, 0x70, 0x6c, 0x6f, 0x79, 0x6d, 0x65, 0x6e, 0x74, 0x2e, 0x0a, 0x0a, 0x0c, 0x0a,
    0x05, 0x04, 0x01, 0x02, 0x00, 0x06, 0x12, 0x03, 0x34, 0x02, 0x0e, 0x0a, 0x0c, 0x0a, 0x05, 0x04,
    0x01, 0x02, 0x00, 0x01, 0x12, 0x03, 0x34, 0x0f, 0x11, 0x0a, 0x0c, 0x0a, 0x05, 0x04, 0x01, 0x02,
    0x00, 0x03, 0x12, 0x03, 0x34, 0x14, 0x15, 0x0a, 0x0d, 0x0a, 0x05, 0x04, 0x01, 0x02, 0x00, 0x08,
    0x12, 0x04, 0x34, 0x16, 0x39, 0x03, 0x0a, 0x0f, 0x0a, 0x08, 0x04, 0x01, 0x02, 0x00, 0x08, 0xe9,
    0xfb, 0x03, 0x12, 0x03, 0x35, 0x04, 0x22, 0x0a, 0x0f, 0x0a, 0x08, 0x04, 0x01, 0x02, 0x00, 0x08,
    0xec, 0xfb, 0x03, 0x12, 0x03, 0x36, 0x04, 0x21, 0x0a, 0x0f, 0x0a, 0x08, 0x04, 0x01, 0x02, 0x00,
    0x08, 0xed, 0xfb, 0x03, 0x12, 0x03, 0x37, 0x04, 0x21, 0x0a, 0x0f, 0x0a, 0x08, 0x04, 0x01, 0x02,
    0x00, 0x08, 0xee, 0xfb, 0x03, 0x12, 0x03, 0x38, 0x04, 0x2a, 0x0a, 0x69, 0x0a, 0x04, 0x04, 0x01,
    0x02, 0x01, 0x12, 0x04, 0x3d, 0x02, 0x40, 0x04, 0x1a, 0x5b, 0x20, 0x53, 0x74, 0x61, 0x74, 0x65,
    0x20, 0x64, 0x65, 0x66, 0x69, 0x6e, 0x65, 0x73, 0x20, 0x74, 0x68, 0x65, 0x20, 0x73, 0x61, 0x74,
    0x65, 0x20, 0x6f, 0x66, 0x20, 0x74, 0x68, 0x65, 0x20, 0x64, 0x65, 0x70, 0x6c, 0x6f, 0x79, 0x6d,
    0x65, 0x6e, 0x74, 0x2e, 0x0a, 0x20, 0x41, 0x20, 0x64, 0x65, 0x70, 0x6c, 0x6f, 0x79, 0x6d, 0x65,
    0x6e, 0x74, 0x20, 0x63, 0x61, 0x6e, 0x20, 0x62, 0x65, 0x20, 0x65, 0x69, 0x74, 0x68, 0x65, 0x72,
    0x20, 0x61, 0x63, 0x74, 0x69, 0x76, 0x65, 0x20, 0x6f, 0x72, 0x20, 0x69, 0x6e, 0x61, 0x63, 0x74,
    0x69, 0x76, 0x65, 0x2e, 0x0a, 0x0a, 0x0c, 0x0a, 0x05, 0x04, 0x01, 0x02, 0x01, 0x06, 0x12, 0x03,
    0x3d, 0x02, 0x07, 0x0a, 0x0c, 0x0a, 0x05, 0x04, 0x01, 0x02, 0x01, 0x01, 0x12, 0x03, 0x3d, 0x08,
    0x0d, 0x0a, 0x0c, 0x0a, 0x05, 0x04, 0x01, 0x02, 0x01, 0x03, 0x12, 0x03, 0x3d, 0x10, 0x11, 0x0a,
    0x0d, 0x0a, 0x05, 0x04, 0x01, 0x02, 0x01, 0x08, 0x12, 0x04, 0x3d, 0x12, 0x40, 0x03, 0x0a, 0x0f,
    0x0a, 0x08, 0x04, 0x01, 0x02, 0x01, 0x08, 0xed, 0xfb, 0x03, 0x12, 0x03, 0x3e, 0x04, 0x22, 0x0a,
    0x0f, 0x0a, 0x08, 0x04, 0x01, 0x02, 0x01, 0x08, 0xee, 0xfb, 0x03, 0x12, 0x03, 0x3f, 0x04, 0x2b,
    0x0a, 0x43, 0x0a, 0x04, 0x04, 0x01, 0x02, 0x02, 0x12, 0x04, 0x43, 0x02, 0x46, 0x04, 0x1a, 0x35,
    0x20, 0x48, 0x61, 0x73, 0x68, 0x20, 0x69, 0x73, 0x20, 0x61, 0x6e, 0x20, 0x68, 0x61, 0x73, 0x68,
    0x65, 0x64, 0x20, 0x72, 0x65, 0x70, 0x72, 0x65, 0x73, 0x65, 0x6e, 0x74, 0x61, 0x74, 0x69, 0x6f,
    0x6e, 0x20, 0x6f, 0x66, 0x20, 0x74, 0x68, 0x65, 0x20, 0x64, 0x65, 0x70, 0x6c, 0x6f, 0x79, 0x6d,
    0x65, 0x6e, 0x74, 0x2e, 0x0a, 0x0a, 0x0c, 0x0a, 0x05, 0x04, 0x01, 0x02, 0x02, 0x05, 0x12, 0x03,
    0x43, 0x02, 0x07, 0x0a, 0x0c, 0x0a, 0x05, 0x04, 0x01, 0x02, 0x02, 0x01, 0x12, 0x03, 0x43, 0x08,
    0x0c, 0x0a, 0x0c, 0x0a, 0x05, 0x04, 0x01, 0x02, 0x02, 0x03, 0x12, 0x03, 0x43, 0x0f, 0x10, 0x0a,
    0x0d, 0x0a, 0x05, 0x04, 0x01, 0x02, 0x02, 0x08, 0x12, 0x04, 0x43, 0x11, 0x46, 0x03, 0x0a, 0x0f,
    0x0a, 0x08, 0x04, 0x01, 0x02, 0x02, 0x08, 0xed, 0xfb, 0x03, 0x12, 0x03, 0x44, 0x04, 0x21, 0x0a,
    0x0f, 0x0a, 0x08, 0x04, 0x01, 0x02, 0x02, 0x08, 0xee, 0xfb, 0x03, 0x12, 0x03, 0x45, 0x04, 0x2a,
    0x0a, 0x5b, 0x0a, 0x04, 0x04, 0x01, 0x02, 0x03, 0x12, 0x03, 0x49, 0x02, 0x17, 0x1a, 0x4e, 0x20,
    0x43, 0x72, 0x65, 0x61, 0x74, 0x65, 0x64, 0x41, 0x74, 0x20, 0x69, 0x6e, 0x64, 0x69, 0x63, 0x61,
    0x74, 0x65, 0x73, 0x20, 0x77, 0x68, 0x65, 0x6e, 0x20, 0x74, 0x68, 0x65, 0x20, 0x64, 0x65, 0x70,
    0x6c, 0x6f, 0x79, 0x6d, 0x65, 0x6e, 0x74, 0x20, 0x77, 0x61, 0x73, 0x20, 0x63, 0x72, 0x65, 0x61,
    0x74, 0x65, 0x64, 0x20, 0x61, 0x73, 0x20, 0x61, 0x20, 0x62, 0x6c, 0x6f, 0x63, 0x6b, 0x20, 0x68,
    0x65, 0x69, 0x67, 0x68, 0x74, 0x20, 0x76, 0x61, 0x6c, 0x75, 0x65, 0x2e, 0x0a, 0x0a, 0x0c, 0x0a,
    0x05, 0x04, 0x01, 0x02, 0x03, 0x05, 0x12, 0x03, 0x49, 0x02, 0x07, 0x0a, 0x0c, 0x0a, 0x05, 0x04,
    0x01, 0x02, 0x03, 0x01, 0x12, 0x03, 0x49, 0x08, 0x12, 0x0a, 0x0c, 0x0a, 0x05, 0x04, 0x01, 0x02,
    0x03, 0x03, 0x12, 0x03, 0x49, 0x15, 0x16, 0x0a, 0xac, 0x01, 0x0a, 0x04, 0x04, 0x01, 0x02, 0x04,
    0x12, 0x04, 0x4d, 0x02, 0x51, 0x04, 0x1a, 0x9d, 0x01, 0x20, 0x72, 0x65, 0x63, 0x6c, 0x61, 0x6d,
    0x61, 0x74, 0x69, 0x6f, 0x6e, 0x20, 0x73, 0x74, 0x6f, 0x72, 0x65, 0x73, 0x20, 0x74, 0x68, 0x65,
    0x20, 0x64, 0x65, 0x70, 0x6c, 0x6f, 0x79, 0x6d, 0x65, 0x6e, 0x74, 0x27, 0x73, 0x20, 0x72, 0x65,
    0x63, 0x6c, 0x61, 0x6d, 0x61, 0x74, 0x69, 0x6f, 0x6e, 0x20, 0x72, 0x65, 0x71, 0x75, 0x69, 0x72,
    0x65, 0x6d, 0x65, 0x6e, 0x74, 0x73, 0x20, 0x66, 0x6f, 0x72, 0x20, 0x70, 0x65, 0x72, 0x73, 0x69,
    0x73, 0x74, 0x65, 0x6e, 0x63, 0x65, 0x2e, 0x0a, 0x20, 0x4e, 0x65, 0x65, 0x64, 0x65, 0x64, 0x20,
    0x73, 0x6f, 0x20, 0x74, 0x68, 0x61, 0x74, 0x20, 0x53, 0x74, 0x61, 0x72, 0x74, 0x47, 0x72, 0x6f,
    0x75, 0x70, 0x20, 0x63, 0x61, 0x6e, 0x20, 0x70, 0x72, 0x6f, 0x70, 0x61, 0x67, 0x61, 0x74, 0x65,
    0x20, 0x72, 0x65, 0x63, 0x6c, 0x61, 0x6d, 0x61, 0x74, 0x69, 0x6f, 0x6e, 0x20, 0x74, 0x6f, 0x20,
    0x6e, 0x65, 0x77, 0x6c, 0x79, 0x20, 0x63, 0x72, 0x65, 0x61, 0x74, 0x65, 0x64, 0x20, 0x6f, 0x72,
    0x64, 0x65, 0x72, 0x73, 0x2e, 0x0a, 0x0a, 0x0c, 0x0a, 0x05, 0x04, 0x01, 0x02, 0x04, 0x06, 0x12,
    0x03, 0x4d, 0x02, 0x17, 0x0a, 0x0c, 0x0a, 0x05, 0x04, 0x01, 0x02, 0x04, 0x01, 0x12, 0x03, 0x4d,
    0x18, 0x23, 0x0a, 0x0c, 0x0a, 0x05, 0x04, 0x01, 0x02, 0x04, 0x03, 0x12, 0x03, 0x4d, 0x26, 0x27,
    0x0a, 0x0d, 0x0a, 0x05, 0x04, 0x01, 0x02, 0x04, 0x08, 0x12, 0x04, 0x4d, 0x28, 0x51, 0x03, 0x0a,
    0x0f, 0x0a, 0x08, 0x04, 0x01, 0x02, 0x04, 0x08, 0xe9, 0xfb, 0x03, 0x12, 0x03, 0x4e, 0x04, 0x1f,
    0x0a, 0x0f, 0x0a, 0x08, 0x04, 0x01, 0x02, 0x04, 0x08, 0xed, 0xfb, 0x03, 0x12, 0x03, 0x4f, 0x04,
    0x32, 0x0a, 0x0f, 0x0a, 0x08, 0x04, 0x01, 0x02, 0x04, 0x08, 0xee, 0xfb, 0x03, 0x12, 0x03, 0x50,
    0x04, 0x3b, 0x0a, 0x86, 0x01, 0x0a, 0x02, 0x04, 0x02, 0x12, 0x04, 0x56, 0x00, 0x5e, 0x01, 0x1a,
    0x7a, 0x20, 0x44, 0x65, 0x70, 0x6c, 0x6f, 0x79, 0x6d, 0x65, 0x6e, 0x74, 0x52, 0x65, 0x63, 0x6c,
    0x61, 0x6d, 0x61, 0x74, 0x69, 0x6f, 0x6e, 0x20, 0x64, 0x65, 0x66, 0x69, 0x6e, 0x65, 0x73, 0x20,
    0x74, 0x68, 0x65, 0x20, 0x74, 0x65, 0x6e, 0x61, 0x6e, 0x74, 0x27, 0x73, 0x20, 0x72, 0x65, 0x63,
    0x6c, 0x61, 0x6d, 0x61, 0x74, 0x69, 0x6f, 0x6e, 0x20, 0x72, 0x65, 0x71, 0x75, 0x69, 0x72, 0x65,
    0x6d, 0x65, 0x6e, 0x74, 0x73, 0x2e, 0x0a, 0x20, 0x53, 0x74, 0x6f, 0x72, 0x65, 0x64, 0x20, 0x6f,
    0x6e, 0x20, 0x74, 0x68, 0x65, 0x20, 0x44, 0x65, 0x70, 0x6c, 0x6f, 0x79, 0x6d, 0x65, 0x6e, 0x74,
    0x20, 0x61, 0x6e, 0x64, 0x20, 0x70, 0x72, 0x6f, 0x70, 0x61, 0x67, 0x61, 0x74, 0x65, 0x64, 0x20,
    0x74, 0x6f, 0x20, 0x4f, 0x72, 0x64, 0x65, 0x72, 0x73, 0x2e, 0x0a, 0x0a, 0x0a, 0x0a, 0x03, 0x04,
    0x02, 0x01, 0x12, 0x03, 0x56, 0x08, 0x1d, 0x0a, 0x51, 0x0a, 0x04, 0x04, 0x02, 0x02, 0x00, 0x12,
    0x04, 0x58, 0x02, 0x5d, 0x04, 0x1a, 0x43, 0x20, 0x6d, 0x69, 0x6e, 0x5f, 0x77, 0x69, 0x6e, 0x64,
    0x6f, 0x77, 0x20, 0x69, 0x73, 0x20, 0x74, 0x68, 0x65, 0x20, 0x6d, 0x69, 0x6e, 0x69, 0x6d, 0x75,
    0x6d, 0x20, 0x72, 0x65, 0x63, 0x6c, 0x61, 0x6d, 0x61, 0x74, 0x69, 0x6f, 0x6e, 0x20, 0x77, 0x69,
    0x6e, 0x64, 0x6f, 0x77, 0x20, 0x74, 0x68, 0x65, 0x20, 0x74, 0x65, 0x6e, 0x61, 0x6e, 0x74, 0x20,
    0x72, 0x65, 0x71, 0x75, 0x69, 0x72, 0x65, 0x73, 0x2e, 0x0a, 0x0a, 0x0c, 0x0a, 0x05, 0x04, 0x02,
    0x02, 0x00, 0x06, 0x12, 0x03, 0x58, 0x02, 0x1a, 0x0a, 0x0c, 0x0a, 0x05, 0x04, 0x02, 0x02, 0x00,
    0x01, 0x12, 0x03, 0x58, 0x1b, 0x25, 0x0a, 0x0c, 0x0a, 0x05, 0x04, 0x02, 0x02, 0x00, 0x03, 0x12,
    0x03, 0x58, 0x28, 0x29, 0x0a, 0x0d, 0x0a, 0x05, 0x04, 0x02, 0x02, 0x00, 0x08, 0x12, 0x04, 0x58,
    0x2a, 0x5d, 0x03, 0x0a, 0x0f, 0x0a, 0x08, 0x04, 0x02, 0x02, 0x00, 0x08, 0xe9, 0xfb, 0x03, 0x12,
    0x03, 0x59, 0x04, 0x23, 0x0a, 0x0f, 0x0a, 0x08, 0x04, 0x02, 0x02, 0x00, 0x08, 0xf3, 0xfb, 0x03,
    0x12, 0x03, 0x5a, 0x04, 0x22, 0x0a, 0x0f, 0x0a, 0x08, 0x04, 0x02, 0x02, 0x00, 0x08, 0xed, 0xfb,
    0x03, 0x12, 0x03, 0x5b, 0x04, 0x2a, 0x0a, 0x0f, 0x0a, 0x08, 0x04, 0x02, 0x02, 0x00, 0x08, 0xee,
    0xfb, 0x03, 0x12, 0x03, 0x5c, 0x04, 0x33, 0x62, 0x06, 0x70, 0x72, 0x6f, 0x74, 0x6f, 0x33, 0x0a,
    0xc8, 0x0d, 0x0a, 0x1f, 0x61, 0x6b, 0x61, 0x73, 0x68, 0x2f, 0x64, 0x65, 0x70, 0x6c, 0x6f, 0x79,
    0x6d, 0x65, 0x6e, 0x74, 0x2f, 0x76, 0x31, 0x2f, 0x67, 0x72, 0x6f, 0x75, 0x70, 0x2e, 0x70, 0x72,
    0x6f, 0x74, 0x6f, 0x12, 0x13, 0x61, 0x6b, 0x61, 0x73, 0x68, 0x2e, 0x64, 0x65, 0x70, 0x6c, 0x6f,
    0x79, 0x6d, 0x65, 0x6e, 0x74, 0x2e, 0x76, 0x31, 0x1a, 0x14, 0x67, 0x6f, 0x67, 0x6f, 0x70, 0x72,
    0x6f, 0x74, 0x6f, 0x2f, 0x67, 0x6f, 0x67, 0x6f, 0x2e, 0x70, 0x72, 0x6f, 0x74, 0x6f, 0x1a, 0x19,
    0x63, 0x6f, 0x73, 0x6d, 0x6f, 0x73, 0x5f, 0x70, 0x72, 0x6f, 0x74, 0x6f, 0x2f, 0x63, 0x6f, 0x73,
    0x6d, 0x6f, 0x73, 0x2e, 0x70, 0x72, 0x6f, 0x74, 0x6f, 0x22, 0xc6, 0x01, 0x0a, 0x07, 0x47, 0x72,
    0x6f, 0x75, 0x70, 0x49, 0x44, 0x12, 0x47, 0x0a, 0x05, 0x6f, 0x77, 0x6e, 0x65, 0x72, 0x18, 0x01,
    0x20, 0x01, 0x28, 0x09, 0x42, 0x31, 0xea, 0xde, 0x1f, 0x05, 0x6f, 0x77, 0x6e, 0x65, 0x72, 0xf2,
    0xde, 0x1f, 0x0c, 0x79, 0x61, 0x6d, 0x6c, 0x3a, 0x22, 0x6f, 0x77, 0x6e, 0x65, 0x72, 0x22, 0xd2,
    0xb4, 0x2d, 0x14, 0x63, 0x6f, 0x73, 0x6d, 0x6f, 0x73, 0x2e, 0x41, 0x64, 0x64, 0x72, 0x65, 0x73,
    0x73, 0x53, 0x74, 0x72, 0x69, 0x6e, 0x67, 0x52, 0x05, 0x6f, 0x77, 0x6e, 0x65, 0x72, 0x12, 0x33,
    0x0a, 0x04, 0x64, 0x73, 0x65, 0x71, 0x18, 0x02, 0x20, 0x01, 0x28, 0x04, 0x42, 0x1f, 0xe2, 0xde,
    0x1f, 0x04, 0x44, 0x53, 0x65, 0x71, 0xea, 0xde, 0x1f, 0x04, 0x64, 0x73, 0x65, 0x71, 0xf2, 0xde,
    0x1f, 0x0b, 0x79, 0x61, 0x6d, 0x6c, 0x3a, 0x22, 0x64, 0x73, 0x65, 0x71, 0x22, 0x52, 0x04, 0x64,
    0x73, 0x65, 0x71, 0x12, 0x33, 0x0a, 0x04, 0x67, 0x73, 0x65, 0x71, 0x18, 0x03, 0x20, 0x01, 0x28,
    0x0d, 0x42, 0x1f, 0xe2, 0xde, 0x1f, 0x04, 0x47, 0x53, 0x65, 0x71, 0xea, 0xde, 0x1f, 0x04, 0x67,
    0x73, 0x65, 0x71, 0xf2, 0xde, 0x1f, 0x0b, 0x79, 0x61, 0x6d, 0x6c, 0x3a, 0x22, 0x67, 0x73, 0x65,
    0x71, 0x22, 0x52, 0x04, 0x67, 0x73, 0x65, 0x71, 0x3a, 0x08, 0x98, 0xa0, 0x1f, 0x00, 0xe8, 0xa0,
    0x1f, 0x01, 0x42, 0xb6, 0x01, 0x0a, 0x17, 0x63, 0x6f, 0x6d, 0x2e, 0x61, 0x6b, 0x61, 0x73, 0x68,
    0x2e, 0x64, 0x65, 0x70, 0x6c, 0x6f, 0x79, 0x6d, 0x65, 0x6e, 0x74, 0x2e, 0x76, 0x31, 0x42, 0x0a,
    0x47, 0x72, 0x6f, 0x75, 0x70, 0x50, 0x72, 0x6f, 0x74, 0x6f, 0x50, 0x01, 0x5a, 0x21, 0x70, 0x6b,
    0x67, 0x2e, 0x61, 0x6b, 0x74, 0x2e, 0x64, 0x65, 0x76, 0x2f, 0x67, 0x6f, 0x2f, 0x6e, 0x6f, 0x64,
    0x65, 0x2f, 0x64, 0x65, 0x70, 0x6c, 0x6f, 0x79, 0x6d, 0x65, 0x6e, 0x74, 0x2f, 0x76, 0x31, 0xa2,
    0x02, 0x03, 0x41, 0x44, 0x58, 0xaa, 0x02, 0x13, 0x41, 0x6b, 0x61, 0x73, 0x68, 0x2e, 0x44, 0x65,
    0x70, 0x6c, 0x6f, 0x79, 0x6d, 0x65, 0x6e, 0x74, 0x2e, 0x56, 0x31, 0xca, 0x02, 0x13, 0x41, 0x6b,
    0x61, 0x73, 0x68, 0x5c, 0x44, 0x65, 0x70, 0x6c, 0x6f, 0x79, 0x6d, 0x65, 0x6e, 0x74, 0x5c, 0x56,
    0x31, 0xe2, 0x02, 0x1f, 0x41, 0x6b, 0x61, 0x73, 0x68, 0x5c, 0x44, 0x65, 0x70, 0x6c, 0x6f, 0x79,
    0x6d, 0x65, 0x6e, 0x74, 0x5c, 0x56, 0x31, 0x5c, 0x47, 0x50, 0x42, 0x4d, 0x65, 0x74, 0x61, 0x64,
    0x61, 0x74, 0x61, 0xea, 0x02, 0x15, 0x41, 0x6b, 0x61, 0x73, 0x68, 0x3a, 0x3a, 0x44, 0x65, 0x70,
    0x6c, 0x6f, 0x79, 0x6d, 0x65, 0x6e, 0x74, 0x3a, 0x3a, 0x56, 0x31, 0x4a, 0xd4, 0x09, 0x0a, 0x06,
    0x12, 0x04, 0x00, 0x00, 0x2a, 0x01, 0x0a, 0x08, 0x0a, 0x01, 0x0c, 0x12, 0x03, 0x00, 0x00, 0x12,
    0x0a, 0x08, 0x0a, 0x01, 0x02, 0x12, 0x03, 0x01, 0x00, 0x1c, 0x0a, 0x09, 0x0a, 0x02, 0x03, 0x00,
    0x12, 0x03, 0x03, 0x00, 0x1e, 0x0a, 0x09, 0x0a, 0x02, 0x03, 0x01, 0x12, 0x03, 0x04, 0x00, 0x23,
    0x0a, 0x08, 0x0a, 0x01, 0x08, 0x12, 0x03, 0x06, 0x00, 0x38, 0x0a, 0x09, 0x0a, 0x02, 0x08, 0x0b,
    0x12, 0x03, 0x06, 0x00, 0x38, 0x0a, 0x8b, 0x02, 0x0a, 0x02, 0x04, 0x00, 0x12, 0x04, 0x0c, 0x00,
    0x2a, 0x01, 0x1a, 0xfe, 0x01, 0x20, 0x47, 0x72, 0x6f, 0x75, 0x70, 0x49, 0x44, 0x20, 0x75, 0x6e,
    0x69, 0x71, 0x75, 0x65, 0x6c, 0x79, 0x20, 0x69, 0x64, 0x65, 0x6e, 0x74, 0x69, 0x66, 0x69, 0x65,
    0x73, 0x20, 0x61, 0x20, 0x67, 0x72, 0x6f, 0x75, 0x70, 0x20, 0x77, 0x69, 0x74, 0x68, 0x69, 0x6e,
    0x20, 0x61, 0x20, 0x64, 0x65, 0x70, 0x6c, 0x6f, 0x79, 0x6d, 0x65, 0x6e, 0x74, 0x20, 0x6f, 0x6e,
    0x20, 0x74, 0x68, 0x65, 0x20, 0x6e, 0x65, 0x74, 0x77, 0x6f, 0x72, 0x6b, 0x2e, 0x0a, 0x20, 0x41,
    0x20, 0x67, 0x72, 0x6f, 0x75, 0x70, 0x20, 0x72, 0x65, 0x70, 0x72, 0x65, 0x73, 0x65, 0x6e, 0x74,
    0x73, 0x20, 0x61, 0x20, 0x73, 0x70, 0x65, 0x63, 0x69, 0x66, 0x69, 0x63, 0x20, 0x63, 0x6f, 0x6c,
    0x6c, 0x65, 0x63, 0x74, 0x69, 0x6f, 0x6e, 0x20, 0x6f, 0x66, 0x20, 0x72, 0x65, 0x73, 0x6f, 0x75,
    0x72, 0x63, 0x65, 0x73, 0x20, 0x6f, 0x72, 0x20, 0x63, 0x6f, 0x6e, 0x66, 0x69, 0x67, 0x75, 0x72,
    0x61, 0x74, 0x69, 0x6f, 0x6e, 0x73, 0x0a, 0x20, 0x77, 0x69, 0x74, 0x68, 0x69, 0x6e, 0x20, 0x61,
    0x20, 0x64, 0x65, 0x70, 0x6c, 0x6f, 0x79, 0x6d, 0x65, 0x6e, 0x74, 0x2e, 0x0a, 0x20, 0x49, 0x74,
    0x20, 0x73, 0x74, 0x6f, 0x72, 0x65, 0x73, 0x20, 0x6f, 0x77, 0x6e, 0x65, 0x72, 0x2c, 0x20, 0x64,
    0x65, 0x70, 0x6c, 0x6f, 0x79, 0x6d, 0x65, 0x6e, 0x74, 0x20, 0x73, 0x65, 0x71, 0x75, 0x65, 0x6e,
    0x63, 0x65, 0x20, 0x6e, 0x75, 0x6d, 0x62, 0x65, 0x72, 0x20, 0x28, 0x64, 0x73, 0x65, 0x71, 0x29,
    0x20, 0x61, 0x6e, 0x64, 0x20, 0x67, 0x72, 0x6f, 0x75, 0x70, 0x20, 0x73, 0x65, 0x71, 0x75, 0x65,
    0x6e, 0x63, 0x65, 0x20, 0x6e, 0x75, 0x6d, 0x62, 0x65, 0x72, 0x20, 0x28, 0x67, 0x73, 0x65, 0x71,
    0x29, 0x2e, 0x0a, 0x0a, 0x0a, 0x0a, 0x03, 0x04, 0x00, 0x01, 0x12, 0x03, 0x0c, 0x08, 0x0f, 0x0a,
    0x0a, 0x0a, 0x03, 0x04, 0x00, 0x07, 0x12, 0x03, 0x0d, 0x02, 0x2d, 0x0a, 0x0d, 0x0a, 0x06, 0x04,
    0x00, 0x07, 0x8d, 0xf4, 0x03, 0x12, 0x03, 0x0d, 0x02, 0x2d, 0x0a, 0x0a, 0x0a, 0x03, 0x04, 0x00,
    0x07, 0x12, 0x03, 0x0e, 0x02, 0x2e, 0x0a, 0x0d, 0x0a, 0x06, 0x04, 0x00, 0x07, 0x83, 0xf4, 0x03,
    0x12, 0x03, 0x0e, 0x02, 0x2e, 0x0a, 0x9d, 0x01, 0x0a, 0x04, 0x04, 0x00, 0x02, 0x00, 0x12, 0x04,
    0x15, 0x02, 0x19, 0x04, 0x1a, 0x8e, 0x01, 0x20, 0x4f, 0x77, 0x6e, 0x65, 0x72, 0x20, 0x69, 0x73,
    0x20, 0x74, 0x68, 0x65, 0x20, 0x61, 0x63, 0x63, 0x6f, 0x75, 0x6e, 0x74, 0x20, 0x61, 0x64, 0x64,
    0x72, 0x65, 0x73, 0x73, 0x20, 0x6f, 0x66, 0x20, 0x74, 0x68, 0x65, 0x20, 0x75, 0x73, 0x65, 0x72,
    0x20, 0x77, 0x68, 0x6f, 0x20, 0x6f, 0x77, 0x6e, 0x73, 0x20, 0x74, 0x68, 0x65, 0x20, 0x67, 0x72,
    0x6f, 0x75, 0x70, 0x2e, 0x0a, 0x20, 0x49, 0x74, 0x20, 0x69, 0x73, 0x20, 0x61, 0x20, 0x73, 0x74,
    0x72, 0x69, 0x6e, 0x67, 0x20, 0x72, 0x65, 0x70, 0x72, 0x65, 0x73, 0x65, 0x6e, 0x74, 0x69, 0x6e,
    0x67, 0x20, 0x61, 0x20, 0x76, 0x61, 0x6c, 0x69, 0x64, 0x20, 0x61, 0x63, 0x63, 0x6f, 0x75, 0x6e,
    0x74, 0x20, 0x61, 0x64, 0x64, 0x72, 0x65, 0x73, 0x73, 0x2e, 0x0a, 0x0a, 0x20, 0x45, 0x78, 0x61,
    0x6d, 0x70, 0x6c, 0x65, 0x3a, 0x0a, 0x20, 0x20, 0x20, 0x22, 0x61, 0x6b, 0x61, 0x73, 0x68, 0x31,
    0x2e, 0x2e, 0x2e, 0x22, 0x0a, 0x0a, 0x0c, 0x0a, 0x05, 0x04, 0x00, 0x02, 0x00, 0x05, 0x12, 0x03,
    0x15, 0x02, 0x08, 0x0a, 0x0c, 0x0a, 0x05, 0x04, 0x00, 0x02, 0x00, 0x01, 0x12, 0x03, 0x15, 0x09,
    0x0e, 0x0a, 0x0c, 0x0a, 0x05, 0x04, 0x00, 0x02, 0x00, 0x03, 0x12, 0x03, 0x15, 0x11, 0x12, 0x0a,
    0x0d, 0x0a, 0x05, 0x04, 0x00, 0x02, 0x00, 0x08, 0x12, 0x04, 0x15, 0x13, 0x19, 0x03, 0x0a, 0x0f,
    0x0a, 0x08, 0x04, 0x00, 0x02, 0x00, 0x08, 0xca, 0xd6, 0x05, 0x12, 0x03, 0x16, 0x04, 0x32, 0x0a,
    0x0f, 0x0a, 0x08, 0x04, 0x00, 0x02, 0x00, 0x08, 0xed, 0xfb, 0x03, 0x12, 0x03, 0x17, 0x04, 0x23,
    0x0a, 0x0f, 0x0a, 0x08, 0x04, 0x00, 0x02, 0x00, 0x08, 0xee, 0xfb, 0x03, 0x12, 0x03, 0x18, 0x04,
    0x2c, 0x0a, 0xa9, 0x01, 0x0a, 0x04, 0x04, 0x00, 0x02, 0x01, 0x12, 0x04, 0x1d, 0x02, 0x21, 0x04,
    0x1a, 0x9a, 0x01, 0x20, 0x44, 0x73, 0x65, 0x71, 0x20, 0x28, 0x64, 0x65, 0x70, 0x6c, 0x6f, 0x79,
    0x6d, 0x65, 0x6e, 0x74, 0x20, 0x73, 0x65, 0x71, 0x75, 0x65, 0x6e, 0x63, 0x65, 0x20, 0x6e, 0x75,
    0x6d, 0x62, 0x65, 0x72, 0x29, 0x20, 0x69, 0x73, 0x20, 0x61, 0x20, 0x75, 0x6e, 0x69, 0x71, 0x75,
    0x65, 0x20, 0x6e, 0x75, 0x6d, 0x65, 0x72, 0x69, 0x63, 0x20, 0x69, 0x64, 0x65, 0x6e, 0x74, 0x69,
    0x66, 0x69, 0x65, 0x72, 0x20, 0x66, 0x6f, 0x72, 0x20, 0x74, 0x68, 0x65, 0x20, 0x64, 0x65, 0x70,
    0x6c, 0x6f, 0x79, 0x6d, 0x65, 0x6e, 0x74, 0x2e, 0x0a, 0x20, 0x49, 0x74, 0x20, 0x69, 0x73, 0x20,
    0x75, 0x73, 0x65, 0x64, 0x20, 0x74, 0x6f, 0x20, 0x64, 0x69, 0x66, 0x66, 0x65, 0x72, 0x65, 0x6e,
    0x74, 0x69, 0x61, 0x74, 0x65, 0x20, 0x64, 0x65, 0x70, 0x6c, 0x6f, 0x79, 0x6d, 0x65, 0x6e, 0x74,
    0x73, 0x20, 0x63, 0x72, 0x65, 0x61, 0x74, 0x65, 0x64, 0x20, 0x62, 0x79, 0x20, 0x74, 0x68, 0x65,
    0x20, 0x73, 0x61, 0x6d, 0x65, 0x20, 0x6f, 0x77, 0x6e, 0x65, 0x72, 0x2e, 0x0a, 0x0a, 0x0c, 0x0a,
    0x05, 0x04, 0x00, 0x02, 0x01, 0x05, 0x12, 0x03, 0x1d, 0x02, 0x08, 0x0a, 0x0c, 0x0a, 0x05, 0x04,
    0x00, 0x02, 0x01, 0x01, 0x12, 0x03, 0x1d, 0x09, 0x0d, 0x0a, 0x0c, 0x0a, 0x05, 0x04, 0x00, 0x02,
    0x01, 0x03, 0x12, 0x03, 0x1d, 0x10, 0x11, 0x0a, 0x0d, 0x0a, 0x05, 0x04, 0x00, 0x02, 0x01, 0x08,
    0x12, 0x04, 0x1d, 0x12, 0x21, 0x03, 0x0a, 0x0f, 0x0a, 0x08, 0x04, 0x00, 0x02, 0x01, 0x08, 0xec,
    0xfb, 0x03, 0x12, 0x03, 0x1e, 0x04, 0x23, 0x0a, 0x0f, 0x0a, 0x08, 0x04, 0x00, 0x02, 0x01, 0x08,
    0xed, 0xfb, 0x03, 0x12, 0x03, 0x1f, 0x04, 0x23, 0x0a, 0x0f, 0x0a, 0x08, 0x04, 0x00, 0x02, 0x01,
    0x08, 0xee, 0xfb, 0x03, 0x12, 0x03, 0x20, 0x04, 0x2c, 0x0a, 0xaa, 0x01, 0x0a, 0x04, 0x04, 0x00,
    0x02, 0x02, 0x12, 0x04, 0x25, 0x02, 0x29, 0x04, 0x1a, 0x9b, 0x01, 0x20, 0x47, 0x73, 0x65, 0x71,
    0x20, 0x28, 0x67, 0x72, 0x6f, 0x75, 0x70, 0x20, 0x73, 0x65, 0x71, 0x75, 0x65, 0x6e, 0x63, 0x65,
    0x20, 0x6e, 0x75, 0x6d, 0x62, 0x65, 0x72, 0x29, 0x20, 0x69, 0x73, 0x20, 0x61, 0x20, 0x75, 0x6e,
    0x69, 0x71, 0x75, 0x65, 0x20, 0x6e, 0x75, 0x6d, 0x65, 0x72, 0x69, 0x63, 0x20, 0x69, 0x64, 0x65,
    0x6e, 0x74, 0x69, 0x66, 0x69, 0x65, 0x72, 0x20, 0x66, 0x6f, 0x72, 0x20, 0x74, 0x68, 0x65, 0x20,
    0x67, 0x72, 0x6f, 0x75, 0x70, 0x2e, 0x0a, 0x20, 0x49, 0x74, 0x20, 0x69, 0x73, 0x20, 0x75, 0x73,
    0x65, 0x64, 0x20, 0x74, 0x6f, 0x20, 0x64, 0x69, 0x66, 0x66, 0x65, 0x72, 0x65, 0x6e, 0x74, 0x69,
    0x61, 0x74, 0x65, 0x20, 0x67, 0x72, 0x6f, 0x75, 0x70, 0x73, 0x20, 0x63, 0x72, 0x65, 0x61, 0x74,
    0x65, 0x64, 0x20, 0x62, 0x79, 0x20, 0x74, 0x68, 0x65, 0x20, 0x73, 0x61, 0x6d, 0x65, 0x20, 0x6f,
    0x77, 0x6e, 0x65, 0x72, 0x20, 0x69, 0x6e, 0x20, 0x61, 0x20, 0x64, 0x65, 0x70, 0x6c, 0x6f, 0x79,
    0x6d, 0x65, 0x6e, 0x74, 0x2e, 0x0a, 0x0a, 0x0c, 0x0a, 0x05, 0x04, 0x00, 0x02, 0x02, 0x05, 0x12,
    0x03, 0x25, 0x02, 0x08, 0x0a, 0x0c, 0x0a, 0x05, 0x04, 0x00, 0x02, 0x02, 0x01, 0x12, 0x03, 0x25,
    0x09, 0x0d, 0x0a, 0x0c, 0x0a, 0x05, 0x04, 0x00, 0x02, 0x02, 0x03, 0x12, 0x03, 0x25, 0x10, 0x11,
    0x0a, 0x0d, 0x0a, 0x05, 0x04, 0x00, 0x02, 0x02, 0x08, 0x12, 0x04, 0x25, 0x12, 0x29, 0x03, 0x0a,
    0x0f, 0x0a, 0x08, 0x04, 0x00, 0x02, 0x02, 0x08, 0xec, 0xfb, 0x03, 0x12, 0x03, 0x26, 0x04, 0x23,
    0x0a, 0x0f, 0x0a, 0x08, 0x04, 0x00, 0x02, 0x02, 0x08, 0xed, 0xfb, 0x03, 0x12, 0x03, 0x27, 0x04,
    0x23, 0x0a, 0x0f, 0x0a, 0x08, 0x04, 0x00, 0x02, 0x02, 0x08, 0xee, 0xfb, 0x03, 0x12, 0x03, 0x28,
    0x04, 0x2c, 0x62, 0x06, 0x70, 0x72, 0x6f, 0x74, 0x6f, 0x33, 0x0a, 0xf6, 0x29, 0x0a, 0x20, 0x61,
    0x6b, 0x61, 0x73, 0x68, 0x2f, 0x64, 0x65, 0x70, 0x6c, 0x6f, 0x79, 0x6d, 0x65, 0x6e, 0x74, 0x2f,
    0x76, 0x31, 0x2f, 0x76, 0x6f, 0x6c, 0x75, 0x6d, 0x65, 0x2e, 0x70, 0x72, 0x6f, 0x74, 0x6f, 0x12,
    0x13, 0x61, 0x6b, 0x61, 0x73, 0x68, 0x2e, 0x64, 0x65, 0x70, 0x6c, 0x6f, 0x79, 0x6d, 0x65, 0x6e,
    0x74, 0x2e, 0x76, 0x31, 0x1a, 0x14, 0x67, 0x6f, 0x67, 0x6f, 0x70, 0x72, 0x6f, 0x74, 0x6f, 0x2f,
    0x67, 0x6f, 0x67, 0x6f, 0x2e, 0x70, 0x72, 0x6f, 0x74, 0x6f, 0x1a, 0x19, 0x63, 0x6f, 0x73, 0x6d,
    0x6f, 0x73, 0x5f, 0x70, 0x72, 0x6f, 0x74, 0x6f, 0x2f, 0x63, 0x6f, 0x73, 0x6d, 0x6f, 0x73, 0x2e,
    0x70, 0x72, 0x6f, 0x74, 0x6f, 0x1a, 0x1e, 0x67, 0x6f, 0x6f, 0x67, 0x6c, 0x65, 0x2f, 0x70, 0x72,
    0x6f, 0x74, 0x6f, 0x62, 0x75, 0x66, 0x2f, 0x64, 0x75, 0x72, 0x61, 0x74, 0x69, 0x6f, 0x6e, 0x2e,
    0x70, 0x72, 0x6f, 0x74, 0x6f, 0x22, 0xf5, 0x01, 0x0a, 0x09, 0x56, 0x6f, 0x6c, 0x75, 0x6d, 0x65,
    0x52, 0x65, 0x66, 0x12, 0x47, 0x0a, 0x05, 0x6f, 0x77, 0x6e, 0x65, 0x72, 0x18, 0x01, 0x20, 0x01,
    0x28, 0x09, 0x42, 0x31, 0xea, 0xde, 0x1f, 0x05, 0x6f, 0x77, 0x6e, 0x65, 0x72, 0xf2, 0xde, 0x1f,
    0x0c, 0x79, 0x61, 0x6d, 0x6c, 0x3a, 0x22, 0x6f, 0x77, 0x6e, 0x65, 0x72, 0x22, 0xd2, 0xb4, 0x2d,
    0x14, 0x63, 0x6f, 0x73, 0x6d, 0x6f, 0x73, 0x2e, 0x41, 0x64, 0x64, 0x72, 0x65, 0x73, 0x73, 0x53,
    0x74, 0x72, 0x69, 0x6e, 0x67, 0x52, 0x05, 0x6f, 0x77, 0x6e, 0x65, 0x72, 0x12, 0x33, 0x0a, 0x04,
    0x64, 0x73, 0x65, 0x71, 0x18, 0x02, 0x20, 0x01, 0x28, 0x04, 0x42, 0x1f, 0xe2, 0xde, 0x1f, 0x04,
    0x44, 0x53, 0x65, 0x71, 0xea, 0xde, 0x1f, 0x04, 0x64, 0x73, 0x65, 0x71, 0xf2, 0xde, 0x1f, 0x0b,
    0x79, 0x61, 0x6d, 0x6c, 0x3a, 0x22, 0x64, 0x73, 0x65, 0x71, 0x22, 0x52, 0x04, 0x64, 0x73, 0x65,
    0x71, 0x12, 0x33, 0x0a, 0x04, 0x67, 0x73, 0x65, 0x71, 0x18, 0x03, 0x20, 0x01, 0x28, 0x0d, 0x42,
    0x1f, 0xe2, 0xde, 0x1f, 0x04, 0x47, 0x53, 0x65, 0x71, 0xea, 0xde, 0x1f, 0x04, 0x67, 0x73, 0x65,
    0x71, 0xf2, 0xde, 0x1f, 0x0b, 0x79, 0x61, 0x6d, 0x6c, 0x3a, 0x22, 0x67, 0x73, 0x65, 0x71, 0x22,
    0x52, 0x04, 0x67, 0x73, 0x65, 0x71, 0x12, 0x2b, 0x0a, 0x04, 0x6e, 0x61, 0x6d, 0x65, 0x18, 0x04,
    0x20, 0x01, 0x28, 0x09, 0x42, 0x17, 0xea, 0xde, 0x1f, 0x04, 0x6e, 0x61, 0x6d, 0x65, 0xf2, 0xde,
    0x1f, 0x0b, 0x79, 0x61, 0x6d, 0x6c, 0x3a, 0x22, 0x6e, 0x61, 0x6d, 0x65, 0x22, 0x52, 0x04, 0x6e,
    0x61, 0x6d, 0x65, 0x3a, 0x08, 0x98, 0xa0, 0x1f, 0x00, 0xe8, 0xa0, 0x1f, 0x01, 0x22, 0x9d, 0x06,
    0x0a, 0x0c, 0x56, 0x6f, 0x6c, 0x75, 0x6d, 0x65, 0x50, 0x6f, 0x6c, 0x69, 0x63, 0x79, 0x12, 0x27,
    0x0a, 0x03, 0x76, 0x69, 0x64, 0x18, 0x01, 0x20, 0x01, 0x28, 0x09, 0x42, 0x15, 0xea, 0xde, 0x1f,
    0x03, 0x76, 0x69, 0x64, 0xf2, 0xde, 0x1f, 0x0a, 0x79, 0x61, 0x6d, 0x6c, 0x3a, 0x22, 0x76, 0x69,
    0x64, 0x22, 0x52, 0x03, 0x76, 0x69, 0x64, 0x12, 0x68, 0x0a, 0x07, 0x72, 0x65, 0x63, 0x6c, 0x61,
    0x69, 0x6d, 0x18, 0x02, 0x20, 0x01, 0x28, 0x0e, 0x32, 0x2f, 0x2e, 0x61, 0x6b, 0x61, 0x73, 0x68,
    0x2e, 0x64, 0x65, 0x70, 0x6c, 0x6f, 0x79, 0x6d, 0x65, 0x6e, 0x74, 0x2e, 0x76, 0x31, 0x2e, 0x56,
    0x6f, 0x6c, 0x75, 0x6d, 0x65, 0x50, 0x6f, 0x6c, 0x69, 0x63, 0x79, 0x2e, 0x52, 0x65, 0x63, 0x6c,
    0x61, 0x69, 0x6d, 0x50, 0x6f, 0x6c, 0x69, 0x63, 0x79, 0x42, 0x1d, 0xea, 0xde, 0x1f, 0x07, 0x72,
    0x65, 0x63, 0x6c, 0x61, 0x69, 0x6d, 0xf2, 0xde, 0x1f, 0x0e, 0x79, 0x61, 0x6d, 0x6c, 0x3a, 0x22,
    0x72, 0x65, 0x63, 0x6c, 0x61, 0x69, 0x6d, 0x22, 0x52, 0x07, 0x72, 0x65, 0x63, 0x6c, 0x61, 0x69,
    0x6d, 0x12, 0x62, 0x0a, 0x09, 0x72, 0x65, 0x74, 0x65, 0x6e, 0x74, 0x69, 0x6f, 0x6e, 0x18, 0x03,
    0x20, 0x01, 0x28, 0x0b, 0x32, 0x19, 0x2e, 0x67, 0x6f, 0x6f, 0x67, 0x6c, 0x65, 0x2e, 0x70, 0x72,
    0x6f, 0x74, 0x6f, 0x62, 0x75, 0x66, 0x2e, 0x44, 0x75, 0x72, 0x61, 0x74, 0x69, 0x6f, 0x6e, 0x42,
    0x29, 0xc8, 0xde, 0x1f, 0x00, 0xea, 0xde, 0x1f, 0x09, 0x72, 0x65, 0x74, 0x65, 0x6e, 0x74, 0x69,
    0x6f, 0x6e, 0xf2, 0xde, 0x1f, 0x10, 0x79, 0x61, 0x6d, 0x6c, 0x3a, 0x22, 0x72, 0x65, 0x74, 0x65,
    0x6e, 0x74, 0x69, 0x6f, 0x6e, 0x22, 0x98, 0xdf, 0x1f, 0x01, 0x52, 0x09, 0x72, 0x65, 0x74, 0x65,
    0x6e, 0x74, 0x69, 0x6f, 0x6e, 0x12, 0x56, 0x0a, 0x0f, 0x6d, 0x61, 0x78, 0x5f, 0x61, 0x74, 0x74,
    0x61, 0x63, 0x68, 0x6d, 0x65, 0x6e, 0x74, 0x73, 0x18, 0x04, 0x20, 0x01, 0x28, 0x0d, 0x42, 0x2d,
    0xea, 0xde, 0x1f, 0x0f, 0x6d, 0x61, 0x78, 0x5f, 0x61, 0x74, 0x74, 0x61, 0x63, 0x68, 0x6d, 0x65,
    0x6e, 0x74, 0x73, 0xf2, 0xde, 0x1f, 0x16, 0x79, 0x61, 0x6d, 0x6c, 0x3a, 0x22, 0x6d, 0x61, 0x78,
    0x5f, 0x61, 0x74, 0x74, 0x61, 0x63, 0x68, 0x6d, 0x65, 0x6e, 0x74, 0x73, 0x22, 0x52, 0x0e, 0x6d,
    0x61, 0x78, 0x41, 0x74, 0x74, 0x61, 0x63, 0x68, 0x6d, 0x65, 0x6e, 0x74, 0x73, 0x12, 0x4a, 0x0a,
    0x0c, 0x6d, 0x61, 0x78, 0x5f, 0x72, 0x65, 0x70, 0x6c, 0x69, 0x63, 0x61, 0x73, 0x18, 0x05, 0x20,
    0x01, 0x28, 0x0d, 0x42, 0x27, 0xea, 0xde, 0x1f, 0x0c, 0x6d, 0x61, 0x78, 0x5f, 0x72, 0x65, 0x70,
    0x6c, 0x69, 0x63, 0x61, 0x73, 0xf2, 0xde, 0x1f, 0x13, 0x79, 0x61, 0x6d, 0x6c, 0x3a, 0x22, 0x6d,
    0x61, 0x78, 0x5f, 0x72, 0x65, 0x70, 0x6c, 0x69, 0x63, 0x61, 0x73, 0x22, 0x52, 0x0b, 0x6d, 0x61,
    0x78, 0x52, 0x65, 0x70, 0x6c, 0x69, 0x63, 0x61, 0x73, 0x12, 0x67, 0x0a, 0x05, 0x61, 0x64, 0x6f,
    0x70, 0x74, 0x18, 0x06, 0x20, 0x01, 0x28, 0x0b, 0x32, 0x1e, 0x2e, 0x61, 0x6b, 0x61, 0x73, 0x68,
    0x2e, 0x64, 0x65, 0x70, 0x6c, 0x6f, 0x79, 0x6d, 0x65, 0x6e, 0x74, 0x2e, 0x76, 0x31, 0x2e, 0x56,
    0x6f, 0x6c, 0x75, 0x6d, 0x65, 0x52, 0x65, 0x66, 0x42, 0x31, 0xc8, 0xde, 0x1f, 0x01, 0xea, 0xde,
    0x1f, 0x0f, 0x61, 0x64, 0x6f, 0x70, 0x74, 0x2c, 0x6f, 0x6d, 0x69, 0x74, 0x65, 0x6d, 0x70, 0x74,
    0x79, 0xf2, 0xde, 0x1f, 0x16, 0x79, 0x61, 0x6d, 0x6c, 0x3a, 0x22, 0x61, 0x64, 0x6f, 0x70, 0x74,
    0x2c, 0x6f, 0x6d, 0x69, 0x74, 0x65, 0x6d, 0x70, 0x74, 0x79, 0x22, 0x52, 0x05, 0x61, 0x64, 0x6f,
    0x70, 0x74, 0x12, 0x7a, 0x0a, 0x0a, 0x72, 0x65, 0x70, 0x6c, 0x69, 0x63, 0x61, 0x5f, 0x6f, 0x66,
    0x18, 0x07, 0x20, 0x01, 0x28, 0x0b, 0x32, 0x1e, 0x2e, 0x61, 0x6b, 0x61, 0x73, 0x68, 0x2e, 0x64,
    0x65, 0x70, 0x6c, 0x6f, 0x79, 0x6d, 0x65, 0x6e, 0x74, 0x2e, 0x76, 0x31, 0x2e, 0x56, 0x6f, 0x6c,
    0x75, 0x6d, 0x65, 0x52, 0x65, 0x66, 0x42, 0x3b, 0xc8, 0xde, 0x1f, 0x01, 0xea, 0xde, 0x1f, 0x14,
    0x72, 0x65, 0x70, 0x6c, 0x69, 0x63, 0x61, 0x5f, 0x6f, 0x66, 0x2c, 0x6f, 0x6d, 0x69, 0x74, 0x65,
    0x6d, 0x70, 0x74, 0x79, 0xf2, 0xde, 0x1f, 0x1b, 0x79, 0x61, 0x6d, 0x6c, 0x3a, 0x22, 0x72, 0x65,
    0x70, 0x6c, 0x69, 0x63, 0x61, 0x5f, 0x6f, 0x66, 0x2c, 0x6f, 0x6d, 0x69, 0x74, 0x65, 0x6d, 0x70,
    0x74, 0x79, 0x22, 0x52, 0x09, 0x72, 0x65, 0x70, 0x6c, 0x69, 0x63, 0x61, 0x4f, 0x66, 0x22, 0x86,
    0x01, 0x0a, 0x0d, 0x52, 0x65, 0x63, 0x6c, 0x61, 0x69, 0x6d, 0x50, 0x6f, 0x6c, 0x69, 0x63, 0x79,
    0x12, 0x25, 0x0a, 0x07, 0x69, 0x6e, 0x76, 0x61, 0x6c, 0x69, 0x64, 0x10, 0x00, 0x1a, 0x18, 0x8a,
    0x9d, 0x20, 0x14, 0x56, 0x6f, 0x6c, 0x75, 0x6d, 0x65, 0x52, 0x65, 0x63, 0x6c, 0x61, 0x69, 0x6d,
    0x49, 0x6e, 0x76, 0x61, 0x6c, 0x69, 0x64, 0x12, 0x23, 0x0a, 0x06, 0x72, 0x65, 0x74, 0x61, 0x69,
    0x6e, 0x10, 0x01, 0x1a, 0x17, 0x8a, 0x9d, 0x20, 0x13, 0x56, 0x6f, 0x6c, 0x75, 0x6d, 0x65, 0x52,
    0x65, 0x63, 0x6c, 0x61, 0x69, 0x6d, 0x52, 0x65, 0x74, 0x61, 0x69, 0x6e, 0x12, 0x23, 0x0a, 0x06,
    0x64, 0x65, 0x6c, 0x65, 0x74, 0x65, 0x10, 0x02, 0x1a, 0x17, 0x8a, 0x9d, 0x20, 0x13, 0x56, 0x6f,
    0x6c, 0x75, 0x6d, 0x65, 0x52, 0x65, 0x63, 0x6c, 0x61, 0x69, 0x6d, 0x44, 0x65, 0x6c, 0x65, 0x74,
    0x65, 0x1a, 0x04, 0x88, 0xa3, 0x1e, 0x00, 0x3a, 0x04, 0xe8, 0xa0, 0x1f, 0x01, 0x42, 0xb7, 0x01,
    0x0a, 0x17, 0x63, 0x6f, 0x6d, 0x2e, 0x61, 0x6b, 0x61, 0x73, 0x68, 0x2e, 0x64, 0x65, 0x70, 0x6c,
    0x6f, 0x79, 0x6d, 0x65, 0x6e, 0x74, 0x2e, 0x76, 0x31, 0x42, 0x0b, 0x56, 0x6f, 0x6c, 0x75, 0x6d,
    0x65, 0x50, 0x72, 0x6f, 0x74, 0x6f, 0x50, 0x01, 0x5a, 0x21, 0x70, 0x6b, 0x67, 0x2e, 0x61, 0x6b,
    0x74, 0x2e, 0x64, 0x65, 0x76, 0x2f, 0x67, 0x6f, 0x2f, 0x6e, 0x6f, 0x64, 0x65, 0x2f, 0x64, 0x65,
    0x70, 0x6c, 0x6f, 0x79, 0x6d, 0x65, 0x6e, 0x74, 0x2f, 0x76, 0x31, 0xa2, 0x02, 0x03, 0x41, 0x44,
    0x58, 0xaa, 0x02, 0x13, 0x41, 0x6b, 0x61, 0x73, 0x68, 0x2e, 0x44, 0x65, 0x70, 0x6c, 0x6f, 0x79,
    0x6d, 0x65, 0x6e, 0x74, 0x2e, 0x56, 0x31, 0xca, 0x02, 0x13, 0x41, 0x6b, 0x61, 0x73, 0x68, 0x5c,
    0x44, 0x65, 0x70, 0x6c, 0x6f, 0x79, 0x6d, 0x65, 0x6e, 0x74, 0x5c, 0x56, 0x31, 0xe2, 0x02, 0x1f,
    0x41, 0x6b, 0x61, 0x73, 0x68, 0x5c, 0x44, 0x65, 0x70, 0x6c, 0x6f, 0x79, 0x6d, 0x65, 0x6e, 0x74,
    0x5c, 0x56, 0x31, 0x5c, 0x47, 0x50, 0x42, 0x4d, 0x65, 0x74, 0x61, 0x64, 0x61, 0x74, 0x61, 0xea,
    0x02, 0x15, 0x41, 0x6b, 0x61, 0x73, 0x68, 0x3a, 0x3a, 0x44, 0x65, 0x70, 0x6c, 0x6f, 0x79, 0x6d,
    0x65, 0x6e, 0x74, 0x3a, 0x3a, 0x56, 0x31, 0x4a, 0x91, 0x1f, 0x0a, 0x06, 0x12, 0x04, 0x00, 0x00,
    0x79, 0x01, 0x0a, 0x08, 0x0a, 0x01, 0x0c, 0x12, 0x03, 0x00, 0x00, 0x12, 0x0a, 0x08, 0x0a, 0x01,
    0x02, 0x12, 0x03, 0x01, 0x00, 0x1c, 0x0a, 0x09, 0x0a, 0x02, 0x03, 0x00, 0x12, 0x03, 0x03, 0x00,
    0x1e, 0x0a, 0x09, 0x0a, 0x02, 0x03, 0x01, 0x12, 0x03, 0x04, 0x00, 0x23, 0x0a, 0x09, 0x0a, 0x02,
    0x03, 0x02, 0x12, 0x03, 0x05, 0x00, 0x28, 0x0a, 0x08, 0x0a, 0x01, 0x08, 0x12, 0x03, 0x07, 0x00,
    0x38, 0x0a, 0x09, 0x0a, 0x02, 0x08, 0x0b, 0x12, 0x03, 0x07, 0x00, 0x38, 0x0a, 0x57, 0x0a, 0x02,
    0x04, 0x00, 0x12, 0x04, 0x0a, 0x00, 0x2d, 0x01, 0x1a, 0x4b, 0x20, 0x56, 0x6f, 0x6c, 0x75, 0x6d,
    0x65, 0x52, 0x65, 0x66, 0x20, 0x61, 0x64, 0x64, 0x72, 0x65, 0x73, 0x73, 0x65, 0x73, 0x20, 0x6f,
    0x6e, 0x65, 0x20, 0x53, 0x74, 0x6f, 0x72, 0x61, 0x67, 0x65, 0x20, 0x65, 0x6e, 0x74, 0x72, 0x79,
    0x20, 0x6f, 0x66, 0x20, 0x61, 0x20, 0x73, 0x74, 0x6f, 0x72, 0x61, 0x67, 0x65, 0x2d, 0x6f, 0x6e,
    0x6c, 0x79, 0x20, 0x28, 0x22, 0x76, 0x6f, 0x6c, 0x75, 0x6d, 0x65, 0x22, 0x29, 0x20, 0x67, 0x72,
    0x6f, 0x75, 0x70, 0x2e, 0x0a, 0x0a, 0x0a, 0x0a, 0x03, 0x04, 0x00, 0x01, 0x12, 0x03, 0x0a, 0x08,
    0x11, 0x0a, 0x0a, 0x0a, 0x03, 0x04, 0x00, 0x07, 0x12, 0x03, 0x0b, 0x02, 0x2d, 0x0a, 0x0d, 0x0a,
    0x06, 0x04, 0x00, 0x07, 0x8d, 0xf4, 0x03, 0x12, 0x03, 0x0b, 0x02, 0x2d, 0x0a, 0x0a, 0x0a, 0x03,
    0x04, 0x00, 0x07, 0x12, 0x03, 0x0c, 0x02, 0x2e, 0x0a, 0x0d, 0x0a, 0x06, 0x04, 0x00, 0x07, 0x83,
    0xf4, 0x03, 0x12, 0x03, 0x0c, 0x02, 0x2e, 0x0a, 0xb2, 0x01, 0x0a, 0x04, 0x04, 0x00, 0x02, 0x00,
    0x12, 0x04, 0x13, 0x02, 0x17, 0x04, 0x1a, 0xa3, 0x01, 0x20, 0x4f, 0x77, 0x6e, 0x65, 0x72, 0x20,
    0x69, 0x73, 0x20, 0x74, 0x68, 0x65, 0x20, 0x61, 0x63, 0x63, 0x6f, 0x75, 0x6e, 0x74, 0x20, 0x62,
    0x65, 0x63, 0x68, 0x33, 0x32, 0x20, 0x61, 0x64, 0x64, 0x72, 0x65, 0x73, 0x73, 0x20, 0x6f, 0x66,
    0x20, 0x74, 0x68, 0x65, 0x20, 0x75, 0x73, 0x65, 0x72, 0x20, 0x77, 0x68, 0x6f, 0x20, 0x6f, 0x77,
    0x6e, 0x73, 0x20, 0x74, 0x68, 0x65, 0x20, 0x76, 0x6f, 0x6c, 0x75, 0x6d, 0x65, 0x20, 0x67, 0x72,
    0x6f, 0x75, 0x70, 0x2e, 0x0a, 0x20, 0x49, 0x74, 0x20, 0x69, 0x73, 0x20, 0x61, 0x20, 0x73, 0x74,
    0x72, 0x69, 0x6e, 0x67, 0x20, 0x72, 0x65, 0x70, 0x72, 0x65, 0x73, 0x65, 0x6e, 0x74, 0x69, 0x6e,
    0x67, 0x20, 0x61, 0x20, 0x76, 0x61, 0x6c, 0x69, 0x64, 0x20, 0x62, 0x65, 0x63, 0x68, 0x33, 0x32,
    0x20, 0x61, 0x63, 0x63, 0x6f, 0x75, 0x6e, 0x74, 0x20, 0x61, 0x64, 0x64, 0x72, 0x65, 0x73, 0x73,
    0x2e, 0x0a, 0x0a, 0x20, 0x45, 0x78, 0x61, 0x6d, 0x70, 0x6c, 0x65, 0x3a, 0x0a, 0x20, 0x20, 0x20,
    0x22, 0x61, 0x6b, 0x61, 0x73, 0x68, 0x31, 0x2e, 0x2e, 0x2e, 0x22, 0x0a, 0x0a, 0x0c, 0x0a, 0x05,
    0x04, 0x00, 0x02, 0x00, 0x05, 0x12, 0x03, 0x13, 0x02, 0x08, 0x0a, 0x0c, 0x0a, 0x05, 0x04, 0x00,
    0x02, 0x00, 0x01, 0x12, 0x03, 0x13, 0x09, 0x0e, 0x0a, 0x0c, 0x0a, 0x05, 0x04, 0x00, 0x02, 0x00,
    0x03, 0x12, 0x03, 0x13, 0x11, 0x12, 0x0a, 0x0d, 0x0a, 0x05, 0x04, 0x00, 0x02, 0x00, 0x08, 0x12,
    0x04, 0x13, 0x13, 0x17, 0x03, 0x0a, 0x0f, 0x0a, 0x08, 0x04, 0x00, 0x02, 0x00, 0x08, 0xca, 0xd6,
    0x05, 0x12, 0x03, 0x14, 0x04, 0x32, 0x0a, 0x0f, 0x0a, 0x08, 0x04, 0x00, 0x02, 0x00, 0x08, 0xed,
    0xfb, 0x03, 0x12, 0x03, 0x15, 0x04, 0x23, 0x0a, 0x0f, 0x0a, 0x08, 0x04, 0x00, 0x02, 0x00, 0x08,
    0xee, 0xfb, 0x03, 0x12, 0x03, 0x16, 0x04, 0x2c, 0x0a, 0x4b, 0x0a, 0x04, 0x04, 0x00, 0x02, 0x01,
    0x12, 0x04, 0x1a, 0x02, 0x1e, 0x04, 0x1a, 0x3d, 0x20, 0x44, 0x73, 0x65, 0x71, 0x20, 0x28, 0x64,
    0x65, 0x70, 0x6c, 0x6f, 0x79, 0x6d, 0x65, 0x6e, 0x74, 0x20, 0x73, 0x65, 0x71, 0x75, 0x65, 0x6e,
    0x63, 0x65, 0x20, 0x6e, 0x75, 0x6d, 0x62, 0x65, 0x72, 0x29, 0x20, 0x6f, 0x66, 0x20, 0x74, 0x68,
    0x65, 0x20, 0x76, 0x6f, 0x6c, 0x75, 0x6d, 0x65, 0x20, 0x64, 0x65, 0x70, 0x6c, 0x6f, 0x79, 0x6d,
    0x65, 0x6e, 0x74, 0x2e, 0x0a, 0x0a, 0x0c, 0x0a, 0x05, 0x04, 0x00, 0x02, 0x01, 0x05, 0x12, 0x03,
    0x1a, 0x02, 0x08, 0x0a, 0x0c, 0x0a, 0x05, 0x04, 0x00, 0x02, 0x01, 0x01, 0x12, 0x03, 0x1a, 0x09,
    0x0d, 0x0a, 0x0c, 0x0a, 0x05, 0x04, 0x00, 0x02, 0x01, 0x03, 0x12, 0x03, 0x1a, 0x10, 0x11, 0x0a,
    0x0d, 0x0a, 0x05, 0x04, 0x00, 0x02, 0x01, 0x08, 0x12, 0x04, 0x1a, 0x12, 0x1e, 0x03, 0x0a, 0x0f,
    0x0a, 0x08, 0x04, 0x00, 0x02, 0x01, 0x08, 0xec, 0xfb, 0x03, 0x12, 0x03, 0x1b, 0x04, 0x23, 0x0a,
    0x0f, 0x0a, 0x08, 0x04, 0x00, 0x02, 0x01, 0x08, 0xed, 0xfb, 0x03, 0x12, 0x03, 0x1c, 0x04, 0x23,
    0x0a, 0x0f, 0x0a, 0x08, 0x04, 0x00, 0x02, 0x01, 0x08, 0xee, 0xfb, 0x03, 0x12, 0x03, 0x1d, 0x04,
    0x2c, 0x0a, 0x94, 0x01, 0x0a, 0x04, 0x04, 0x00, 0x02, 0x02, 0x12, 0x04, 0x22, 0x02, 0x26, 0x04,
    0x1a, 0x85, 0x01, 0x20, 0x47, 0x73, 0x65, 0x71, 0x20, 0x28, 0x67, 0x72, 0x6f, 0x75, 0x70, 0x20,
    0x73, 0x65, 0x71, 0x75, 0x65, 0x6e, 0x63, 0x65, 0x20, 0x6e, 0x75, 0x6d, 0x62, 0x65, 0x72, 0x29,
    0x20, 0x6f, 0x66, 0x20, 0x74, 0x68, 0x65, 0x20, 0x76, 0x6f, 0x6c, 0x75, 0x6d, 0x65, 0x20, 0x67,
    0x72, 0x6f, 0x75, 0x70, 0x2e, 0x20, 0x41, 0x6c, 0x77, 0x61, 0x79, 0x73, 0x20, 0x31, 0x20, 0x69,
    0x6e, 0x20, 0x76, 0x31, 0x3a, 0x0a, 0x20, 0x61, 0x20, 0x64, 0x65, 0x70, 0x6c, 0x6f, 0x79, 0x6d,
    0x65, 0x6e, 0x74, 0x20, 0x63, 0x6f, 0x6e, 0x74, 0x61, 0x69, 0x6e, 0x69, 0x6e, 0x67, 0x20, 0x61,
    0x20, 0x76, 0x6f, 0x6c, 0x75, 0x6d, 0x65, 0x20, 0x67, 0x72, 0x6f, 0x75, 0x70, 0x20, 0x63, 0x6f,
    0x6e, 0x74, 0x61, 0x69, 0x6e, 0x73, 0x20, 0x6f, 0x6e, 0x6c, 0x79, 0x20, 0x74, 0x68, 0x61, 0x74,
    0x20, 0x67, 0x72, 0x6f, 0x75, 0x70, 0x2e, 0x0a, 0x0a, 0x0c, 0x0a, 0x05, 0x04, 0x00, 0x02, 0x02,
    0x05, 0x12, 0x03, 0x22, 0x02, 0x08, 0x0a, 0x0c, 0x0a, 0x05, 0x04, 0x00, 0x02, 0x02, 0x01, 0x12,
    0x03, 0x22, 0x09, 0x0d, 0x0a, 0x0c, 0x0a, 0x05, 0x04, 0x00, 0x02, 0x02, 0x03, 0x12, 0x03, 0x22,
    0x10, 0x11, 0x0a, 0x0d, 0x0a, 0x05, 0x04, 0x00, 0x02, 0x02, 0x08, 0x12, 0x04, 0x22, 0x12, 0x26,
    0x03, 0x0a, 0x0f, 0x0a, 0x08, 0x04, 0x00, 0x02, 0x02, 0x08, 0xec, 0xfb, 0x03, 0x12, 0x03, 0x23,
    0x04, 0x23, 0x0a, 0x0f, 0x0a, 0x08, 0x04, 0x00, 0x02, 0x02, 0x08, 0xed, 0xfb, 0x03, 0x12, 0x03,
    0x24, 0x04, 0x23, 0x0a, 0x0f, 0x0a, 0x08, 0x04, 0x00, 0x02, 0x02, 0x08, 0xee, 0xfb, 0x03, 0x12,
    0x03, 0x25, 0x04, 0x2c, 0x0a, 0x59, 0x0a, 0x04, 0x04, 0x00, 0x02, 0x03, 0x12, 0x04, 0x29, 0x02,
    0x2c, 0x04, 0x1a, 0x4b, 0x20, 0x4e, 0x61, 0x6d, 0x65, 0x20, 0x69, 0x73, 0x20, 0x74, 0x68, 0x65,
    0x20, 0x53, 0x74, 0x6f, 0x72, 0x61, 0x67, 0x65, 0x2e, 0x4e, 0x61, 0x6d, 0x65, 0x20, 0x6f, 0x66,
    0x20, 0x74, 0x68, 0x65, 0x20, 0x73, 0x69, 0x6e, 0x67, 0x6c, 0x65, 0x20, 0x73, 0x74, 0x6f, 0x72,
    0x61, 0x67, 0x65, 0x20, 0x65, 0x6e, 0x74, 0x72, 0x79, 0x20, 0x69, 0x6e, 0x20, 0x74, 0x68, 0x65,
    0x20, 0x76, 0x6f, 0x6c, 0x75, 0x6d, 0x65, 0x20, 0x67, 0x72, 0x6f, 0x75, 0x70, 0x2e, 0x0a, 0x0a,
    0x0c, 0x0a, 0x05, 0x04, 0x00, 0x02, 0x03, 0x05, 0x12, 0x03, 0x29, 0x02, 0x08, 0x0a, 0x0c, 0x0a,
    0x05, 0x04, 0x00, 0x02, 0x03, 0x01, 0x12, 0x03, 0x29, 0x09, 0x0d, 0x0a, 0x0c, 0x0a, 0x05, 0x04,
    0x00, 0x02, 0x03, 0x03, 0x12, 0x03, 0x29, 0x10, 0x11, 0x0a, 0x0d, 0x0a, 0x05, 0x04, 0x00, 0x02,
    0x03, 0x08, 0x12, 0x04, 0x29, 0x12, 0x2c, 0x03, 0x0a, 0x0f, 0x0a, 0x08, 0x04, 0x00, 0x02, 0x03,
    0x08, 0xed, 0xfb, 0x03, 0x12, 0x03, 0x2a, 0x04, 0x21, 0x0a, 0x0f, 0x0a, 0x08, 0x04, 0x00, 0x02,
    0x03, 0x08, 0xee, 0xfb, 0x03, 0x12, 0x03, 0x2b, 0x04, 0x2a, 0x0a, 0xa3, 0x01, 0x0a, 0x02, 0x04,
    0x01, 0x12, 0x04, 0x31, 0x00, 0x79, 0x01, 0x1a, 0x96, 0x01, 0x20, 0x56, 0x6f, 0x6c, 0x75, 0x6d,
    0x65, 0x50, 0x6f, 0x6c, 0x69, 0x63, 0x79, 0x20, 0x6d, 0x61, 0x72, 0x6b, 0x73, 0x20, 0x61, 0x20,
    0x67, 0x72, 0x6f, 0x75, 0x70, 0x20, 0x61, 0x73, 0x20, 0x61, 0x20, 0x73, 0x74, 0x6f, 0x72, 0x61,
    0x67, 0x65, 0x2d, 0x6f, 0x6e, 0x6c, 0x79, 0x20, 0x76, 0x6f, 0x6c, 0x75, 0x6d, 0x65, 0x20, 0x67,
    0x72, 0x6f, 0x75, 0x70, 0x20, 0x61, 0x6e, 0x64, 0x20, 0x63, 0x61, 0x72, 0x72, 0x69, 0x65, 0x73,
    0x20, 0x69, 0x74, 0x73, 0x0a, 0x20, 0x6c, 0x69, 0x66, 0x65, 0x63, 0x79, 0x63, 0x6c, 0x65, 0x20,
    0x63, 0x6f, 0x6e, 0x74, 0x72, 0x61, 0x63, 0x74, 0x2e, 0x20, 0x50, 0x72, 0x65, 0x73, 0x65, 0x6e,
    0x63, 0x65, 0x20, 0x6f, 0x66, 0x20, 0x74, 0x68, 0x69, 0x73, 0x20, 0x6d, 0x65, 0x73, 0x73, 0x61,
    0x67, 0x65, 0x20, 0x49, 0x53, 0x20, 0x74, 0x68, 0x65, 0x20, 0x76, 0x6f, 0x6c, 0x75, 0x6d, 0x65,
    0x20, 0x64, 0x69, 0x73, 0x63, 0x72, 0x69, 0x6d, 0x69, 0x6e, 0x61, 0x74, 0x6f, 0x72, 0x2e, 0x0a,
    0x0a, 0x0a, 0x0a, 0x03, 0x04, 0x01, 0x01, 0x12, 0x03, 0x31, 0x08, 0x14, 0x0a, 0x0a, 0x0a, 0x03,
    0x04, 0x01, 0x07, 0x12, 0x03, 0x32, 0x02, 0x22, 0x0a, 0x0d, 0x0a, 0x06, 0x04, 0x01, 0x07, 0x8d,
    0xf4, 0x03, 0x12, 0x03, 0x32, 0x02, 0x22, 0x0a, 0x61, 0x0a, 0x04, 0x04, 0x01, 0x04, 0x00, 0x12,
    0x04, 0x36, 0x02, 0x3f, 0x03, 0x1a, 0x53, 0x20, 0x52, 0x65, 0x63, 0x6c, 0x61, 0x69, 0x6d, 0x50,
    0x6f, 0x6c, 0x69, 0x63, 0x79, 0x20, 0x64, 0x65, 0x63, 0x6c, 0x61, 0x72, 0x65, 0x73, 0x20, 0x77,
    0x68, 0x61, 0x74, 0x20, 0x68, 0x61, 0x70, 0x70, 0x65, 0x6e, 0x73, 0x20, 0x74, 0x6f, 0x20, 0x74,
    0x68, 0x65, 0x20, 0x76, 0x6f, 0x6c, 0x75, 0x6d, 0x65, 0x27, 0x73, 0x20, 0x64, 0x61, 0x74, 0x61,
    0x20, 0x61, 0x66, 0x74, 0x65, 0x72, 0x20, 0x69, 0x74, 0x73, 0x0a, 0x20, 0x6c, 0x65, 0x61, 0x73,
    0x65, 0x20, 0x63, 0x6c, 0x6f, 0x73, 0x65, 0x73, 0x2e, 0x0a, 0x0a, 0x0c, 0x0a, 0x05, 0x04, 0x01,
    0x04, 0x00, 0x01, 0x12, 0x03, 0x36, 0x07, 0x14, 0x0a, 0x0c, 0x0a, 0x05, 0x04, 0x01, 0x04, 0x00,
    0x03, 0x12, 0x03, 0x37, 0x04, 0x33, 0x0a, 0x0f, 0x0a, 0x08, 0x04, 0x01, 0x04, 0x00, 0x03, 0xb1,
    0xe4, 0x03, 0x12, 0x03, 0x37, 0x04, 0x33, 0x0a, 0x4e, 0x0a, 0x06, 0x04, 0x01, 0x04, 0x00, 0x02,
    0x00, 0x12, 0x03, 0x3a, 0x04, 0x4c, 0x1a, 0x3f, 0x20, 0x50, 0x72, 0x65, 0x66, 0x69, 0x78, 0x20,
    0x73, 0x68, 0x6f, 0x75, 0x6c, 0x64, 0x20, 0x73, 0x74, 0x61, 0x72, 0x74, 0x20, 0x77, 0x69, 0x74,
    0x68, 0x20, 0x30, 0x20, 0x69, 0x6e, 0x20, 0x65, 0x6e, 0x75, 0x6d, 0x2e, 0x20, 0x53, 0x6f, 0x20,
    0x64, 0x65, 0x63, 0x6c, 0x61, 0x72, 0x69, 0x6e, 0x67, 0x20, 0x64, 0x75, 0x6d, 0x6d, 0x79, 0x20,
    0x73, 0x74, 0x61, 0x74, 0x65, 0x2e, 0x0a, 0x0a, 0x0e, 0x0a, 0x07, 0x04, 0x01, 0x04, 0x00, 0x02,
    0x00, 0x01, 0x12, 0x03, 0x3a, 0x04, 0x0b, 0x0a, 0x0e, 0x0a, 0x07, 0x04, 0x01, 0x04, 0x00, 0x02,
    0x00, 0x02, 0x12, 0x03, 0x3a, 0x0e, 0x0f, 0x0a, 0x0e, 0x0a, 0x07, 0x04, 0x01, 0x04, 0x00, 0x02,
    0x00, 0x03, 0x12, 0x03, 0x3a, 0x10, 0x4b, 0x0a, 0x11, 0x0a, 0x0a, 0x04, 0x01, 0x04, 0x00, 0x02,
    0x00, 0x03, 0xd1, 0x83, 0x04, 0x12, 0x03, 0x3a, 0x11, 0x4a, 0x0a, 0x56, 0x0a, 0x06, 0x04, 0x01,
    0x04, 0x00, 0x02, 0x01, 0x12, 0x03, 0x3c, 0x04, 0x4a, 0x1a, 0x47, 0x20, 0x72, 0x65, 0x74, 0x61,
    0x69, 0x6e, 0x20, 0x6b, 0x65, 0x65, 0x70, 0x73, 0x20, 0x74, 0x68, 0x65, 0x20, 0x64, 0x61, 0x74,
    0x61, 0x20, 0x61, 0x64, 0x6f, 0x70, 0x74, 0x61, 0x62, 0x6c, 0x65, 0x20, 0x66, 0x6f, 0x72, 0x20,
    0x74, 0x68, 0x65, 0x20, 0x72, 0x65, 0x74, 0x65, 0x6e, 0x74, 0x69, 0x6f, 0x6e, 0x20, 0x77, 0x69,
    0x6e, 0x64, 0x6f, 0x77, 0x20, 0x61, 0x66, 0x74, 0x65, 0x72, 0x20, 0x63, 0x6c, 0x6f, 0x73, 0x65,
    0x2e, 0x0a, 0x0a, 0x0e, 0x0a, 0x07, 0x04, 0x01, 0x04, 0x00, 0x02, 0x01, 0x01, 0x12, 0x03, 0x3c,
    0x04, 0x0a, 0x0a, 0x0e, 0x0a, 0x07, 0x04, 0x01, 0x04, 0x00, 0x02, 0x01, 0x02, 0x12, 0x03, 0x3c,
    0x0d, 0x0e, 0x0a, 0x0e, 0x0a, 0x07, 0x04, 0x01, 0x04, 0x00, 0x02, 0x01, 0x03, 0x12, 0x03, 0x3c,
    0x0f, 0x49, 0x0a, 0x11, 0x0a, 0x0a, 0x04, 0x01, 0x04, 0x00, 0x02, 0x01, 0x03, 0xd1, 0x83, 0x04,
    0x12, 0x03, 0x3c, 0x10, 0x48, 0x0a, 0x4d, 0x0a, 0x06, 0x04, 0x01, 0x04, 0x00, 0x02, 0x02, 0x12,
    0x03, 0x3e, 0x04, 0x4a, 0x1a, 0x3e, 0x20, 0x64, 0x65, 0x6c, 0x65, 0x74, 0x65, 0x20, 0x64, 0x65,
    0x73, 0x74, 0x72, 0x6f, 0x79, 0x73, 0x20, 0x74, 0x68, 0x65, 0x20, 0x64, 0x61, 0x74, 0x61, 0x20,
    0x69, 0x6d, 0x6d, 0x65, 0x64, 0x69, 0x61, 0x74, 0x65, 0x6c, 0x79, 0x20, 0x61, 0x66, 0x74, 0x65,
    0x72, 0x20, 0x63, 0x6c, 0x6f, 0x73, 0x65, 0x20, 0x61, 0x6e, 0x64, 0x20, 0x64, 0x65, 0x74, 0x61,
    0x63, 0x68, 0x2e, 0x0a, 0x0a, 0x0e, 0x0a, 0x07, 0x04, 0x01, 0x04, 0x00, 0x02, 0x02, 0x01, 0x12,
    0x03, 0x3e, 0x04, 0x0a, 0x0a, 0x0e, 0x0a, 0x07, 0x04, 0x01, 0x04, 0x00, 0x02, 0x02, 0x02, 0x12,
    0x03, 0x3e, 0x0d, 0x0e, 0x0a, 0x0e, 0x0a, 0x07, 0x04, 0x01, 0x04, 0x00, 0x02, 0x02, 0x03, 0x12,
    0x03, 0x3e, 0x0f, 0x49, 0x0a, 0x11, 0x0a, 0x0a, 0x04, 0x01, 0x04, 0x00, 0x02, 0x02, 0x03, 0xd1,
    0x83, 0x04, 0x12, 0x03, 0x3e, 0x10, 0x48, 0x0a, 0x85, 0x02, 0x0a, 0x04, 0x04, 0x01, 0x02, 0x00,
    0x12, 0x04, 0x45, 0x02, 0x48, 0x04, 0x1a, 0xf6, 0x01, 0x20, 0x56, 0x69, 0x64, 0x20, 0x69, 0x73,
    0x20, 0x74, 0x68, 0x65, 0x20, 0x74, 0x65, 0x6e, 0x61, 0x6e, 0x74, 0x2d, 0x63, 0x68, 0x6f, 0x73,
    0x65, 0x6e, 0x20, 0x64, 0x61, 0x74, 0x61, 0x2d, 0x63, 0x6f, 0x6e, 0x74, 0x69, 0x6e, 0x75, 0x69,
    0x74, 0x79, 0x20, 0x6c, 0x61, 0x62, 0x65, 0x6c, 0x20, 0x28, 0x44, 0x4e, 0x53, 0x2d, 0x6c, 0x61,
    0x62, 0x65, 0x6c, 0x20, 0x67, 0x72, 0x61, 0x6d, 0x6d, 0x61, 0x72, 0x2c, 0x0a, 0x20, 0x5b, 0x61,
    0x2d, 0x7a, 0x30, 0x2d, 0x39, 0x5d, 0x28, 0x5b, 0x2d, 0x61, 0x2d, 0x7a, 0x30, 0x2d, 0x39, 0x5d,
    0x7b, 0x30, 0x2c, 0x36, 0x31, 0x7d, 0x5b, 0x61, 0x2d, 0x7a, 0x30, 0x2d, 0x39, 0x5d, 0x29, 0x3f,
    0x29, 0x2e, 0x20, 0x54, 0x79, 0x70, 0x65, 0x64, 0x20, 0x66, 0x69, 0x65, 0x6c, 0x64, 0x20, 0x2d,
    0x2d, 0x20, 0x4e, 0x45, 0x56, 0x45, 0x52, 0x20, 0x61, 0x20, 0x73, 0x74, 0x6f, 0x72, 0x61, 0x67,
    0x65, 0x0a, 0x20, 0x61, 0x74, 0x74, 0x72, 0x69, 0x62, 0x75, 0x74, 0x65, 0x20, 0x28, 0x61, 0x74,
    0x74, 0x72, 0x69, 0x62, 0x75, 0x74, 0x65, 0x73, 0x20, 0x66, 0x6c, 0x6f, 0x77, 0x20, 0x69, 0x6e,
    0x74, 0x6f, 0x20, 0x41, 0x74, 0x74, 0x72, 0x69, 0x62, 0x75, 0x74, 0x65, 0x73, 0x53, 0x75, 0x62,
    0x73, 0x65, 0x74, 0x4f, 0x66, 0x20, 0x70, 0x72, 0x6f, 0x76, 0x69, 0x64, 0x65, 0x72, 0x20, 0x6d,
    0x61, 0x74, 0x63, 0x68, 0x69, 0x6e, 0x67, 0x0a, 0x20, 0x61, 0x6e, 0x64, 0x20, 0x77, 0x6f, 0x75,
    0x6c, 0x64, 0x20, 0x6d, 0x61, 0x6b, 0x65, 0x20, 0x74, 0x68, 0x65, 0x20, 0x6f, 0x72, 0x64, 0x65,
    0x72, 0x20, 0x75, 0x6e, 0x62, 0x69, 0x64, 0x64, 0x61, 0x62, 0x6c, 0x65, 0x29, 0x2e, 0x0a, 0x0a,
    0x0c, 0x0a, 0x05, 0x04, 0x01, 0x02, 0x00, 0x05, 0x12, 0x03, 0x45, 0x02, 0x08, 0x0a, 0x0c, 0x0a,
    0x05, 0x04, 0x01, 0x02, 0x00, 0x01, 0x12, 0x03, 0x45, 0x09, 0x0c, 0x0a, 0x0c, 0x0a, 0x05, 0x04,
    0x01, 0x02, 0x00, 0x03, 0x12, 0x03, 0x45, 0x0f, 0x10, 0x0a, 0x0d, 0x0a, 0x05, 0x04, 0x01, 0x02,
    0x00, 0x08, 0x12, 0x04, 0x45, 0x11, 0x48, 0x03, 0x0a, 0x0f, 0x0a, 0x08, 0x04, 0x01, 0x02, 0x00,
    0x08, 0xed, 0xfb, 0x03, 0x12, 0x03, 0x46, 0x04, 0x20, 0x0a, 0x0f, 0x0a, 0x08, 0x04, 0x01, 0x02,
    0x00, 0x08, 0xee, 0xfb, 0x03, 0x12, 0x03, 0x47, 0x04, 0x29, 0x0a, 0x4a, 0x0a, 0x04, 0x04, 0x01,
    0x02, 0x01, 0x12, 0x04, 0x4b, 0x02, 0x4e, 0x04, 0x1a, 0x3c, 0x20, 0x52, 0x65, 0x63, 0x6c, 0x61,
    0x69, 0x6d, 0x20, 0x64, 0x65, 0x63, 0x6c, 0x61, 0x72, 0x65, 0x73, 0x20, 0x74, 0x68, 0x65, 0x20,
    0x70, 0x6f, 0x73, 0x74, 0x2d, 0x63, 0x6c, 0x6f, 0x73, 0x65, 0x20, 0x66, 0x61, 0x74, 0x65, 0x20,
    0x6f, 0x66, 0x20, 0x74, 0x68, 0x65, 0x20, 0x76, 0x6f, 0x6c, 0x75, 0x6d, 0x65, 0x27, 0x73, 0x20,
    0x64, 0x61, 0x74, 0x61, 0x2e, 0x0a, 0x0a, 0x0c, 0x0a, 0x05, 0x04, 0x01, 0x02, 0x01, 0x06, 0x12,
    0x03, 0x4b, 0x02, 0x0f, 0x0a, 0x0c, 0x0a, 0x05, 0x04, 0x01, 0x02, 0x01, 0x01, 0x12, 0x03, 0x4b,
    0x10, 0x17, 0x0a, 0x0c, 0x0a, 0x05, 0x04, 0x01, 0x02, 0x01, 0x03, 0x12, 0x03, 0x4b, 0x1a, 0x1b,
    0x0a, 0x0d, 0x0a, 0x05, 0x04, 0x01, 0x02, 0x01, 0x08, 0x12, 0x04, 0x4b, 0x1c, 0x4e, 0x03, 0x0a,
    0x0f, 0x0a, 0x08, 0x04, 0x01, 0x02, 0x01, 0x08, 0xed, 0xfb, 0x03, 0x12, 0x03, 0x4c, 0x04, 0x24,
    0x0a, 0x0f, 0x0a, 0x08, 0x04, 0x01, 0x02, 0x01, 0x08, 0xee, 0xfb, 0x03, 0x12, 0x03, 0x4d, 0x04,
    0x2d, 0x0a, 0xe9, 0x01, 0x0a, 0x04, 0x04, 0x01, 0x02, 0x02, 0x12, 0x04, 0x53, 0x02, 0x58, 0x04,
    0x1a, 0xda, 0x01, 0x20, 0x52, 0x65, 0x74, 0x65, 0x6e, 0x74, 0x69, 0x6f, 0x6e, 0x20, 0x69, 0x73,
    0x20, 0x74, 0x68, 0x65, 0x20, 0x70, 0x6f, 0x73, 0x74, 0x2d, 0x63, 0x6c, 0x6f, 0x73, 0x65, 0x20,
    0x77, 0x69, 0x6e, 0x64, 0x6f, 0x77, 0x20, 0x74, 0x68, 0x65, 0x20, 0x70, 0x72, 0x6f, 0x76, 0x69,
    0x64, 0x65, 0x72, 0x20, 0x6d, 0x75, 0x73, 0x74, 0x20, 0x6b, 0x65, 0x65, 0x70, 0x20, 0x74, 0x68,
    0x65, 0x20, 0x64, 0x61, 0x74, 0x61, 0x0a, 0x20, 0x61, 0x64, 0x6f, 0x70, 0x74, 0x61, 0x62, 0x6c,
    0x65, 0x2e, 0x20, 0x42, 0x6f, 0x75, 0x6e, 0x64, 0x65, 0x64, 0x20, 0x62, 0x79, 0x20, 0x64, 0x65,
    0x70, 0x6c, 0x6f, 0x79, 0x6d, 0x65, 0x6e, 0x74, 0x20, 0x50, 0x61, 0x72, 0x61, 0x6d, 0x73, 0x2e,
    0x4d, 0x61, 0x78, 0x56, 0x6f, 0x6c, 0x75, 0x6d, 0x65, 0x52, 0x65, 0x74, 0x65, 0x6e, 0x74, 0x69,
    0x6f, 0x6e, 0x3b, 0x20, 0x70, 0x72, 0x69, 0x63, 0x65, 0x64, 0x20, 0x69, 0x6e, 0x74, 0x6f, 0x0a,
    0x20, 0x74, 0x68, 0x65, 0x20, 0x62, 0x69, 0x64, 0x2e, 0x20, 0x47, 0x43, 0x20, 0x64, 0x65, 0x61,
    0x64, 0x6c, 0x69, 0x6e, 0x65, 0x20, 0x69, 0x73, 0x20, 0x63, 0x68, 0x61, 0x69, 0x6e, 0x2d, 0x63,
    0x6f, 0x6d, 0x70, 0x75, 0x74, 0x61, 0x62, 0x6c, 0x65, 0x3a, 0x20, 0x63, 0x6c, 0x6f, 0x73, 0x65,
    0x64, 0x4c, 0x65, 0x61, 0x73, 0x65, 0x2e, 0x43, 0x6c, 0x6f, 0x73, 0x65, 0x64, 0x41, 0x74, 0x20,
    0x2b, 0x20, 0x72, 0x65, 0x74, 0x65, 0x6e, 0x74, 0x69, 0x6f, 0x6e, 0x2e, 0x0a, 0x0a, 0x0c, 0x0a,
    0x05, 0x04, 0x01, 0x02, 0x02, 0x06, 0x12, 0x03, 0x53, 0x02, 0x1a, 0x0a, 0x0c, 0x0a, 0x05, 0x04,
    0x01, 0x02, 0x02, 0x01, 0x12, 0x03, 0x53, 0x1b, 0x24, 0x0a, 0x0c, 0x0a, 0x05, 0x04, 0x01, 0x02,
    0x02, 0x03, 0x12, 0x03, 0x53, 0x27, 0x28, 0x0a, 0x0d, 0x0a, 0x05, 0x04, 0x01, 0x02, 0x02, 0x08,
    0x12, 0x04, 0x53, 0x29, 0x58, 0x03, 0x0a, 0x0f, 0x0a, 0x08, 0x04, 0x01, 0x02, 0x02, 0x08, 0xe9,
    0xfb, 0x03, 0x12, 0x03, 0x54, 0x04, 0x23, 0x0a, 0x0f, 0x0a, 0x08, 0x04, 0x01, 0x02, 0x02, 0x08,
    0xf3, 0xfb, 0x03, 0x12, 0x03, 0x55, 0x04, 0x22, 0x0a, 0x0f, 0x0a, 0x08, 0x04, 0x01, 0x02, 0x02,
    0x08, 0xed, 0xfb, 0x03, 0x12, 0x03, 0x56, 0x04, 0x29, 0x0a, 0x0f, 0x0a, 0x08, 0x04, 0x01, 0x02,
    0x02, 0x08, 0xee, 0xfb, 0x03, 0x12, 0x03, 0x57, 0x04, 0x32, 0x0a, 0x91, 0x01, 0x0a, 0x04, 0x04,
    0x01, 0x02, 0x03, 0x12, 0x04, 0x5c, 0x02, 0x5f, 0x04, 0x1a, 0x82, 0x01, 0x20, 0x4d, 0x61, 0x78,
    0x41, 0x74, 0x74, 0x61, 0x63, 0x68, 0x6d, 0x65, 0x6e, 0x74, 0x73, 0x20, 0x62, 0x6f, 0x75, 0x6e,
    0x64, 0x73, 0x20, 0x63, 0x6f, 0x6e, 0x63, 0x75, 0x72, 0x72, 0x65, 0x6e, 0x74, 0x20, 0x61, 0x74,
    0x74, 0x61, 0x63, 0x68, 0x65, 0x64, 0x20, 0x63, 0x6f, 0x6d, 0x70, 0x75, 0x74, 0x65, 0x20, 0x6c,
    0x65, 0x61, 0x73, 0x65, 0x73, 0x2e, 0x0a, 0x20, 0x56, 0x61, 0x6c, 0x69, 0x64, 0x61, 0x74, 0x69,
    0x6f, 0x6e, 0x20, 0x66, 0x6f, 0x72, 0x63, 0x65, 0x73, 0x20, 0x31, 0x20, 0x69, 0x6e, 0x20, 0x76,
    0x31, 0x20, 0x28, 0x52, 0x57, 0x4f, 0x29, 0x3b, 0x20, 0x74, 0x68, 0x65, 0x20, 0x66, 0x69, 0x65,
    0x6c, 0x64, 0x20, 0x65, 0x78, 0x69, 0x73, 0x74, 0x73, 0x20, 0x73, 0x6f, 0x20, 0x52, 0x57, 0x58,
    0x20, 0x69, 0x73, 0x20, 0x61, 0x64, 0x64, 0x69, 0x74, 0x69, 0x76, 0x65, 0x2e, 0x0a, 0x0a, 0x0c,
    0x0a, 0x05, 0x04, 0x01, 0x02, 0x03, 0x05, 0x12, 0x03, 0x5c, 0x02, 0x08, 0x0a, 0x0c, 0x0a, 0x05,
    0x04, 0x01, 0x02, 0x03, 0x01, 0x12, 0x03, 0x5c, 0x09, 0x18, 0x0a, 0x0c, 0x0a, 0x05, 0x04, 0x01,
    0x02, 0x03, 0x03, 0x12, 0x03, 0x5c, 0x1b, 0x1c, 0x0a, 0x0d, 0x0a, 0x05, 0x04, 0x01, 0x02, 0x03,
    0x08, 0x12, 0x04, 0x5c, 0x1d, 0x5f, 0x03, 0x0a, 0x0f, 0x0a, 0x08, 0x04, 0x01, 0x02, 0x03, 0x08,
    0xed, 0xfb, 0x03, 0x12, 0x03, 0x5d, 0x04, 0x2c, 0x0a, 0x0f, 0x0a, 0x08, 0x04, 0x01, 0x02, 0x03,
    0x08, 0xee, 0xfb, 0x03, 0x12, 0x03, 0x5e, 0x04, 0x35, 0x0a, 0xe1, 0x01, 0x0a, 0x04, 0x04, 0x01,
    0x02, 0x04, 0x12, 0x04, 0x64, 0x02, 0x67, 0x04, 0x1a, 0xd2, 0x01, 0x20, 0x4d, 0x61, 0x78, 0x52,
    0x65, 0x70, 0x6c, 0x69, 0x63, 0x61, 0x73, 0x20, 0x64, 0x65, 0x63, 0x6c, 0x61, 0x72, 0x65, 0x73,
    0x20, 0x68, 0x6f, 0x77, 0x20, 0x6d, 0x61, 0x6e, 0x79, 0x20, 0x72, 0x65, 0x70, 0x6c, 0x69, 0x63,
    0x61, 0x20, 0x76, 0x6f, 0x6c, 0x75, 0x6d, 0x65, 0x73, 0x20, 0x74, 0x68, 0x65, 0x20, 0x74, 0x65,
    0x6e, 0x61, 0x6e, 0x74, 0x20, 0x6d, 0x61, 0x79, 0x20, 0x70, 0x6f, 0x69, 0x6e, 0x74, 0x20, 0x61,
    0x74, 0x0a, 0x20, 0x74, 0x68, 0x69, 0x73, 0x20, 0x76, 0x6f, 0x6c, 0x75, 0x6d, 0x65, 0x20, 0x28,
    0x72, 0x65, 0x70, 0x6c, 0x69, 0x63, 0x61, 0x5f, 0x6f, 0x66, 0x20, 0x62, 0x61, 0x63, 0x6b, 0x72,
    0x65, 0x66, 0x73, 0x29, 0x2e, 0x20, 0x3e, 0x30, 0x20, 0x6f, 0x62, 0x6c, 0x69, 0x67, 0x65, 0x73,
    0x20, 0x74, 0x68, 0x65, 0x20, 0x77, 0x69, 0x6e, 0x6e, 0x69, 0x6e, 0x67, 0x20, 0x70, 0x72, 0x6f,
    0x76, 0x69, 0x64, 0x65, 0x72, 0x20, 0x74, 0x6f, 0x0a, 0x20, 0x73, 0x65, 0x72, 0x76, 0x65, 0x20,
    0x72, 0x65, 0x70, 0x6c, 0x69, 0x63, 0x61, 0x74, 0x69, 0x6f, 0x6e, 0x20, 0x65, 0x78, 0x70, 0x6f,
    0x72, 0x74, 0x20, 0x74, 0x72, 0x61, 0x66, 0x66, 0x69, 0x63, 0x20, 0x2d, 0x2d, 0x20, 0x61, 0x20,
    0x62, 0x69, 0x64, 0x2d, 0x74, 0x69, 0x6d, 0x65, 0x2d, 0x6b, 0x6e, 0x6f, 0x77, 0x6e, 0x2c, 0x20,
    0x70, 0x72, 0x69, 0x63, 0x65, 0x64, 0x20, 0x64, 0x75, 0x74, 0x79, 0x2e, 0x0a, 0x0a, 0x0c, 0x0a,
    0x05, 0x04, 0x01, 0x02, 0x04, 0x05, 0x12, 0x03, 0x64, 0x02, 0x08, 0x0a, 0x0c, 0x0a, 0x05, 0x04,
    0x01, 0x02, 0x04, 0x01, 0x12, 0x03, 0x64, 0x09, 0x15, 0x0a, 0x0c, 0x0a, 0x05, 0x04, 0x01, 0x02,
    0x04, 0x03, 0x12, 0x03, 0x64, 0x18, 0x19, 0x0a, 0x0d, 0x0a, 0x05, 0x04, 0x01, 0x02, 0x04, 0x08,
    0x12, 0x04, 0x64, 0x1a, 0x67, 0x03, 0x0a, 0x0f, 0x0a, 0x08, 0x04, 0x01, 0x02, 0x04, 0x08, 0xed,
    0xfb, 0x03, 0x12, 0x03, 0x65, 0x04, 0x29, 0x0a, 0x0f, 0x0a, 0x08, 0x04, 0x01, 0x02, 0x04, 0x08,
    0xee, 0xfb, 0x03, 0x12, 0x03, 0x66, 0x04, 0x32, 0x0a, 0xe0, 0x01, 0x0a, 0x04, 0x04, 0x01, 0x02,
    0x05, 0x12, 0x04, 0x6c, 0x02, 0x70, 0x04, 0x1a, 0xd1, 0x01, 0x20, 0x41, 0x64, 0x6f, 0x70, 0x74,
    0x2c, 0x20, 0x77, 0x68, 0x65, 0x6e, 0x20, 0x73, 0x65, 0x74, 0x2c, 0x20, 0x6d, 0x61, 0x6b, 0x65,
    0x73, 0x20, 0x74, 0x68, 0x69, 0x73, 0x20, 0x76, 0x6f, 0x6c, 0x75, 0x6d, 0x65, 0x20, 0x61, 0x6e,
    0x20, 0x41, 0x44, 0x4f, 0x50, 0x54, 0x49, 0x4f, 0x4e, 0x20, 0x6f, 0x66, 0x20, 0x61, 0x20, 0x64,
    0x65, 0x61, 0x64, 0x20, 0x72, 0x65, 0x74, 0x61, 0x69, 0x6e, 0x65, 0x64, 0x20, 0x76, 0x6f, 0x6c,
    0x75, 0x6d, 0x65, 0x3a, 0x0a, 0x20, 0x73, 0x61, 0x6d, 0x65, 0x20, 0x6f, 0x77, 0x6e, 0x65, 0x72,
    0x2c, 0x20, 0x73, 0x61, 0x6d, 0x65, 0x20, 0x76, 0x69, 0x64, 0x2c, 0x20, 0x67, 0x72, 0x6f, 0x75,
    0x70, 0x20, 0x63, 0x6c, 0x6f, 0x73, 0x65, 0x64, 0x2c, 0x20, 0x77, 0x69, 0x74, 0x68, 0x69, 0x6e,
    0x20, 0x69, 0x74, 0x73, 0x20, 0x72, 0x65, 0x74, 0x65, 0x6e, 0x74, 0x69, 0x6f, 0x6e, 0x20, 0x77,
    0x69, 0x6e, 0x64, 0x6f, 0x77, 0x2e, 0x20, 0x42, 0x69, 0x64, 0x73, 0x20, 0x61, 0x72, 0x65, 0x0a,
    0x20, 0x63, 0x68, 0x61, 0x69, 0x6e, 0x2d, 0x67, 0x61, 0x74, 0x65, 0x64, 0x20, 0x74, 0x6f, 0x20,
    0x74, 0x68, 0x65, 0x20, 0x70, 0x72, 0x6f, 0x76, 0x69, 0x64, 0x65, 0x72, 0x20, 0x6f, 0x66, 0x20,
    0x61, 0x64, 0x6f, 0x70, 0x74, 0x27, 0x73, 0x20, 0x6c, 0x61, 0x73, 0x74, 0x20, 0x63, 0x6c, 0x6f,
    0x73, 0x65, 0x64, 0x20, 0x6c, 0x65, 0x61, 0x73, 0x65, 0x2e, 0x0a, 0x0a, 0x0c, 0x0a, 0x05, 0x04,
    0x01, 0x02, 0x05, 0x06, 0x12, 0x03, 0x6c, 0x02, 0x0b, 0x0a, 0x0c, 0x0a, 0x05, 0x04, 0x01, 0x02,
    0x05, 0x01, 0x12, 0x03, 0x6c, 0x0c, 0x11, 0x0a, 0x0c, 0x0a, 0x05, 0x04, 0x01, 0x02, 0x05, 0x03,
    0x12, 0x03, 0x6c, 0x14, 0x15, 0x0a, 0x0d, 0x0a, 0x05, 0x04, 0x01, 0x02, 0x05, 0x08, 0x12, 0x04,
    0x6c, 0x16, 0x70, 0x03, 0x0a, 0x0f, 0x0a, 0x08, 0x04, 0x01, 0x02, 0x05, 0x08, 0xe9, 0xfb, 0x03,
    0x12, 0x03, 0x6d, 0x04, 0x1f, 0x0a, 0x0f, 0x0a, 0x08, 0x04, 0x01, 0x02, 0x05, 0x08, 0xed, 0xfb,
    0x03, 0x12, 0x03, 0x6e, 0x04, 0x2c, 0x0a, 0x0f, 0x0a, 0x08, 0x04, 0x01, 0x02, 0x05, 0x08, 0xee,
    0xfb, 0x03, 0x12, 0x03, 0x6f, 0x04, 0x35, 0x0a, 0x95, 0x01, 0x0a, 0x04, 0x04, 0x01, 0x02, 0x06,
    0x12, 0x04, 0x74, 0x02, 0x78, 0x04, 0x1a, 0x86, 0x01, 0x20, 0x52, 0x65, 0x70, 0x6c, 0x69, 0x63,
    0x61, 0x4f, 0x66, 0x2c, 0x20, 0x77, 0x68, 0x65, 0x6e, 0x20, 0x73, 0x65, 0x74, 0x2c, 0x20, 0x64,
    0x65, 0x63, 0x6c, 0x61, 0x72, 0x65, 0x73, 0x20, 0x74, 0x68, 0x69, 0x73, 0x20, 0x76, 0x6f, 0x6c,
    0x75, 0x6d, 0x65, 0x20, 0x61, 0x20, 0x72, 0x65, 0x70, 0x6c, 0x69, 0x63, 0x61, 0x20, 0x6f, 0x66,
    0x20, 0x74, 0x68, 0x65, 0x20, 0x6e, 0x61, 0x6d, 0x65, 0x64, 0x20, 0x76, 0x6f, 0x6c, 0x75, 0x6d,
    0x65, 0x0a, 0x20, 0x28, 0x73, 0x61, 0x6d, 0x65, 0x20, 0x6f, 0x77, 0x6e, 0x65, 0x72, 0x29, 0x2e,
    0x20, 0x44, 0x72, 0x69, 0x76, 0x65, 0x73, 0x20, 0x64, 0x61, 0x74, 0x61, 0x2d, 0x70, 0x6c, 0x61,
    0x6e, 0x65, 0x20, 0x61, 0x75, 0x74, 0x68, 0x6f, 0x72, 0x69, 0x7a, 0x61, 0x74, 0x69, 0x6f, 0x6e,
    0x20, 0x6f, 0x6e, 0x20, 0x62, 0x6f, 0x74, 0x68, 0x20, 0x65, 0x6e, 0x64, 0x73, 0x2e, 0x0a, 0x0a,
    0x0c, 0x0a, 0x05, 0x04, 0x01, 0x02, 0x06, 0x06, 0x12, 0x03, 0x74, 0x02, 0x0b, 0x0a, 0x0c, 0x0a,
    0x05, 0x04, 0x01, 0x02, 0x06, 0x01, 0x12, 0x03, 0x74, 0x0c, 0x16, 0x0a, 0x0c, 0x0a, 0x05, 0x04,
    0x01, 0x02, 0x06, 0x03, 0x12, 0x03, 0x74, 0x19, 0x1a, 0x0a, 0x0d, 0x0a, 0x05, 0x04, 0x01, 0x02,
    0x06, 0x08, 0x12, 0x04, 0x74, 0x1b, 0x78, 0x03, 0x0a, 0x0f, 0x0a, 0x08, 0x04, 0x01, 0x02, 0x06,
    0x08, 0xe9, 0xfb, 0x03, 0x12, 0x03, 0x75, 0x04, 0x1f, 0x0a, 0x0f, 0x0a, 0x08, 0x04, 0x01, 0x02,
    0x06, 0x08, 0xed, 0xfb, 0x03, 0x12, 0x03, 0x76, 0x04, 0x31, 0x0a, 0x0f, 0x0a, 0x08, 0x04, 0x01,
    0x02, 0x06, 0x08, 0xee, 0xfb, 0x03, 0x12, 0x03, 0x77, 0x04, 0x3a, 0x62, 0x06, 0x70, 0x72, 0x6f,
    0x74, 0x6f, 0x33, 0x0a, 0xc0, 0x25, 0x0a, 0x1f, 0x61, 0x6b, 0x61, 0x73, 0x68, 0x2f, 0x64, 0x65,
    0x70, 0x6c, 0x6f, 0x79, 0x6d, 0x65, 0x6e, 0x74, 0x2f, 0x76, 0x31, 0x2f, 0x65, 0x76, 0x65, 0x6e,
    0x74, 0x2e, 0x70, 0x72, 0x6f, 0x74, 0x6f, 0x12, 0x13, 0x61, 0x6b, 0x61, 0x73, 0x68, 0x2e, 0x64,
    0x65, 0x70, 0x6c, 0x6f, 0x79, 0x6d, 0x65, 0x6e, 0x74, 0x2e, 0x76, 0x31, 0x1a, 0x14, 0x67, 0x6f,
    0x67, 0x6f, 0x70, 0x72, 0x6f, 0x74, 0x6f, 0x2f, 0x67, 0x6f, 0x67, 0x6f, 0x2e, 0x70, 0x72, 0x6f,
    0x74, 0x6f, 0x1a, 0x24, 0x61, 0x6b, 0x61, 0x73, 0x68, 0x2f, 0x64, 0x65, 0x70, 0x6c, 0x6f, 0x79,
    0x6d, 0x65, 0x6e, 0x74, 0x2f, 0x76, 0x31, 0x2f, 0x64, 0x65, 0x70, 0x6c, 0x6f, 0x79, 0x6d, 0x65,
    0x6e, 0x74, 0x2e, 0x70, 0x72, 0x6f, 0x74, 0x6f, 0x1a, 0x1f, 0x61, 0x6b, 0x61, 0x73, 0x68, 0x2f,
    0x64, 0x65, 0x70, 0x6c, 0x6f, 0x79, 0x6d, 0x65, 0x6e, 0x74, 0x2f, 0x76, 0x31, 0x2f, 0x67, 0x72,
    0x6f, 0x75, 0x70, 0x2e, 0x70, 0x72, 0x6f, 0x74, 0x6f, 0x1a, 0x20, 0x61, 0x6b, 0x61, 0x73, 0x68,
    0x2f, 0x64, 0x65, 0x70, 0x6c, 0x6f, 0x79, 0x6d, 0x65, 0x6e, 0x74, 0x2f, 0x76, 0x31, 0x2f, 0x76,
    0x6f, 0x6c, 0x75, 0x6d, 0x65, 0x2e, 0x70, 0x72, 0x6f, 0x74, 0x6f, 0x22, 0x9d, 0x01, 0x0a, 0x16,
    0x45, 0x76, 0x65, 0x6e, 0x74, 0x44, 0x65, 0x70, 0x6c, 0x6f, 0x79, 0x6d, 0x65, 0x6e, 0x74, 0x43,
    0x72, 0x65, 0x61, 0x74, 0x65, 0x64, 0x12, 0x50, 0x0a, 0x02, 0x69, 0x64, 0x18, 0x01, 0x20, 0x01,
    0x28, 0x0b, 0x32, 0x21, 0x2e, 0x61, 0x6b, 0x61, 0x73, 0x68, 0x2e, 0x64, 0x65, 0x70, 0x6c, 0x6f,
    0x79, 0x6d, 0x65, 0x6e, 0x74, 0x2e, 0x76, 0x31, 0x2e, 0x44, 0x65, 0x70, 0x6c, 0x6f, 0x79, 0x6d,
    0x65, 0x6e, 0x74, 0x49, 0x44, 0x42, 0x1d, 0xc8, 0xde, 0x1f, 0x00, 0xe2, 0xde, 0x1f, 0x02, 0x49,
    0x44, 0xea, 0xde, 0x1f, 0x02, 0x69, 0x64, 0xf2, 0xde, 0x1f, 0x09, 0x79, 0x61, 0x6d, 0x6c, 0x3a,
    0x22, 0x69, 0x64, 0x22, 0x52, 0x02, 0x69, 0x64, 0x12, 0x2b, 0x0a, 0x04, 0x68, 0x61, 0x73, 0x68,
    0x18, 0x02, 0x20, 0x01, 0x28, 0x0c, 0x42, 0x17, 0xea, 0xde, 0x1f, 0x04, 0x68, 0x61, 0x73, 0x68,
    0xf2, 0xde, 0x1f, 0x0b, 0x79, 0x61, 0x6d, 0x6c, 0x3a, 0x22, 0x68, 0x61, 0x73, 0x68, 0x22, 0x52,
    0x04, 0x68, 0x61, 0x73, 0x68, 0x3a, 0x04, 0xe8, 0xa0, 0x1f, 0x01, 0x22, 0x9d, 0x01, 0x0a, 0x16,
    0x45, 0x76, 0x65, 0x6e, 0x74, 0x44, 0x65, 0x70, 0x6c, 0x6f, 0x79, 0x6d, 0x65, 0x6e, 0x74, 0x55,
    0x70, 0x64, 0x61, 0x74, 0x65, 0x64, 0x12, 0x50, 0x0a, 0x02, 0x69, 0x64, 0x18, 0x01, 0x20, 0x01,
    0x28, 0x0b, 0x32, 0x21, 0x2e, 0x61, 0x6b, 0x61, 0x73, 0x68, 0x2e, 0x64, 0x65, 0x70, 0x6c, 0x6f,
    0x79, 0x6d, 0x65, 0x6e, 0x74, 0x2e, 0x76, 0x31, 0x2e, 0x44, 0x65, 0x70, 0x6c, 0x6f, 0x79, 0x6d,
    0x65, 0x6e, 0x74, 0x49, 0x44, 0x42, 0x1d, 0xc8, 0xde, 0x1f, 0x00, 0xe2, 0xde, 0x1f, 0x02, 0x49,
    0x44, 0xea, 0xde, 0x1f, 0x02, 0x69, 0x64, 0xf2, 0xde, 0x1f, 0x09, 0x79, 0x61, 0x6d, 0x6c, 0x3a,
    0x22, 0x69, 0x64, 0x22, 0x52, 0x02, 0x69, 0x64, 0x12, 0x2b, 0x0a, 0x04, 0x68, 0x61, 0x73, 0x68,
    0x18, 0x02, 0x20, 0x01, 0x28, 0x0c, 0x42, 0x17, 0xea, 0xde, 0x1f, 0x04, 0x68, 0x61, 0x73, 0x68,
    0xf2, 0xde, 0x1f, 0x0b, 0x79, 0x61, 0x6d, 0x6c, 0x3a, 0x22, 0x68, 0x61, 0x73, 0x68, 0x22, 0x52,
    0x04, 0x68, 0x61, 0x73, 0x68, 0x3a, 0x04, 0xe8, 0xa0, 0x1f, 0x01, 0x22, 0x6f, 0x0a, 0x15, 0x45,
    0x76, 0x65, 0x6e, 0x74, 0x44, 0x65, 0x70, 0x6c, 0x6f, 0x79, 0x6d, 0x65, 0x6e, 0x74, 0x43, 0x6c,
    0x6f, 0x73, 0x65, 0x64, 0x12, 0x50, 0x0a, 0x02, 0x69, 0x64, 0x18, 0x01, 0x20, 0x01, 0x28, 0x0b,
    0x32, 0x21, 0x2e, 0x61, 0x6b, 0x61, 0x73, 0x68, 0x2e, 0x64, 0x65, 0x70, 0x6c, 0x6f, 0x79, 0x6d,
    0x65, 0x6e, 0x74, 0x2e, 0x76, 0x31, 0x2e, 0x44, 0x65, 0x70, 0x6c, 0x6f, 0x79, 0x6d, 0x65, 0x6e,
    0x74, 0x49, 0x44, 0x42, 0x1d, 0xc8, 0xde, 0x1f, 0x00, 0xe2, 0xde, 0x1f, 0x02, 0x49, 0x44, 0xea,
    0xde, 0x1f, 0x02, 0x69, 0x64, 0xf2, 0xde, 0x1f, 0x09, 0x79, 0x61, 0x6d, 0x6c, 0x3a, 0x22, 0x69,
    0x64, 0x22, 0x52, 0x02, 0x69, 0x64, 0x3a, 0x04, 0xe8, 0xa0, 0x1f, 0x01, 0x22, 0x66, 0x0a, 0x11,
    0x45, 0x76, 0x65, 0x6e, 0x74, 0x47, 0x72, 0x6f, 0x75, 0x70, 0x53, 0x74, 0x61, 0x72, 0x74, 0x65,
    0x64, 0x12, 0x4b, 0x0a, 0x02, 0x69, 0x64, 0x18, 0x01, 0x20, 0x01, 0x28, 0x0b, 0x32, 0x1c, 0x2e,
    0x61, 0x6b, 0x61, 0x73, 0x68, 0x2e, 0x64, 0x65, 0x70, 0x6c, 0x6f, 0x79, 0x6d, 0x65, 0x6e, 0x74,
    0x2e, 0x76, 0x31, 0x2e, 0x47, 0x72, 0x6f, 0x75, 0x70, 0x49, 0x44, 0x42, 0x1d, 0xc8, 0xde, 0x1f,
    0x00, 0xe2, 0xde, 0x1f, 0x02, 0x49, 0x44, 0xea, 0xde, 0x1f, 0x02, 0x69, 0x64, 0xf2, 0xde, 0x1f,
    0x09, 0x79, 0x61, 0x6d, 0x6c, 0x3a, 0x22, 0x69, 0x64, 0x22, 0x52, 0x02, 0x69, 0x64, 0x3a, 0x04,
    0xe8, 0xa0, 0x1f, 0x01, 0x22, 0x65, 0x0a, 0x10, 0x45, 0x76, 0x65, 0x6e, 0x74, 0x47, 0x72, 0x6f,
    0x75, 0x70, 0x50, 0x61, 0x75, 0x73, 0x65, 0x64, 0x12, 0x4b, 0x0a, 0x02, 0x69, 0x64, 0x18, 0x01,
    0x20, 0x01, 0x28, 0x0b, 0x32, 0x1c, 0x2e, 0x61, 0x6b, 0x61, 0x73, 0x68, 0x2e, 0x64, 0x65, 0x70,
    0x6c, 0x6f, 0x79, 0x6d, 0x65, 0x6e, 0x74, 0x2e, 0x76, 0x31, 0x2e, 0x47, 0x72, 0x6f, 0x75, 0x70,
    0x49, 0x44, 0x42, 0x1d, 0xc8, 0xde, 0x1f, 0x00, 0xe2, 0xde, 0x1f, 0x02, 0x49, 0x44, 0xea, 0xde,
    0x1f, 0x02, 0x69, 0x64, 0xf2, 0xde, 0x1f, 0x09, 0x79, 0x61, 0x6d, 0x6c, 0x3a, 0x22, 0x69, 0x64,
    0x22, 0x52, 0x02, 0x69, 0x64, 0x3a, 0x04, 0xe8, 0xa0, 0x1f, 0x01, 0x22, 0x65, 0x0a, 0x10, 0x45,
    0x76, 0x65, 0x6e, 0x74, 0x47, 0x72, 0x6f, 0x75, 0x70, 0x43, 0x6c, 0x6f, 0x73, 0x65, 0x64, 0x12,
    0x4b, 0x0a, 0x02, 0x69, 0x64, 0x18, 0x01, 0x20, 0x01, 0x28, 0x0b, 0x32, 0x1c, 0x2e, 0x61, 0x6b,
    0x61, 0x73, 0x68, 0x2e, 0x64, 0x65, 0x70, 0x6c, 0x6f, 0x79, 0x6d, 0x65, 0x6e, 0x74, 0x2e, 0x76,
    0x31, 0x2e, 0x47, 0x72, 0x6f, 0x75, 0x70, 0x49, 0x44, 0x42, 0x1d, 0xc8, 0xde, 0x1f, 0x00, 0xe2,
    0xde, 0x1f, 0x02, 0x49, 0x44, 0xea, 0xde, 0x1f, 0x02, 0x69, 0x64, 0xf2, 0xde, 0x1f, 0x09, 0x79,
    0x61, 0x6d, 0x6c, 0x3a, 0x22, 0x69, 0x64, 0x22, 0x52, 0x02, 0x69, 0x64, 0x3a, 0x04, 0xe8, 0xa0,
    0x1f, 0x01, 0x22, 0xed, 0x01, 0x0a, 0x12, 0x45, 0x76, 0x65, 0x6e, 0x74, 0x56, 0x6f, 0x6c, 0x75,
    0x6d, 0x65, 0x41, 0x64, 0x6f, 0x70, 0x74, 0x65, 0x64, 0x12, 0x4b, 0x0a, 0x02, 0x69, 0x64, 0x18,
    0x01, 0x20, 0x01, 0x28, 0x0b, 0x32, 0x1c, 0x2e, 0x61, 0x6b, 0x61, 0x73, 0x68, 0x2e, 0x64, 0x65,
    0x70, 0x6c, 0x6f, 0x79, 0x6d, 0x65, 0x6e, 0x74, 0x2e, 0x76, 0x31, 0x2e, 0x47, 0x72, 0x6f, 0x75,
    0x70, 0x49, 0x44, 0x42, 0x1d, 0xc8, 0xde, 0x1f, 0x00, 0xe2, 0xde, 0x1f, 0x02, 0x49, 0x44, 0xea,
    0xde, 0x1f, 0x02, 0x69, 0x64, 0xf2, 0xde, 0x1f, 0x09, 0x79, 0x61, 0x6d, 0x6c, 0x3a, 0x22, 0x69,
    0x64, 0x22, 0x52, 0x02, 0x69, 0x64, 0x12, 0x5b, 0x0a, 0x07, 0x61, 0x64, 0x6f, 0x70, 0x74, 0x65,
    0x64, 0x18, 0x02, 0x20, 0x01, 0x28, 0x0b, 0x32, 0x1e, 0x2e, 0x61, 0x6b, 0x61, 0x73, 0x68, 0x2e,
    0x64, 0x65, 0x70, 0x6c, 0x6f, 0x79, 0x6d, 0x65, 0x6e, 0x74, 0x2e, 0x76, 0x31, 0x2e, 0x56, 0x6f,
    0x6c, 0x75, 0x6d, 0x65, 0x52, 0x65, 0x66, 0x42, 0x21, 0xc8, 0xde, 0x1f, 0x00, 0xea, 0xde, 0x1f,
    0x07, 0x61, 0x64, 0x6f, 0x70, 0x74, 0x65, 0x64, 0xf2, 0xde, 0x1f, 0x0e, 0x79, 0x61, 0x6d, 0x6c,
    0x3a, 0x22, 0x61, 0x64, 0x6f, 0x70, 0x74, 0x65, 0x64, 0x22, 0x52, 0x07, 0x61, 0x64, 0x6f, 0x70,
    0x74, 0x65, 0x64, 0x12, 0x27, 0x0a, 0x03, 0x76, 0x69, 0x64, 0x18, 0x03, 0x20, 0x01, 0x28, 0x09,
    0x42, 0x15, 0xea, 0xde, 0x1f, 0x03, 0x76, 0x69, 0x64, 0xf2, 0xde, 0x1f, 0x0a, 0x79, 0x61, 0x6d,
    0x6c, 0x3a, 0x22, 0x76, 0x69, 0x64, 0x22, 0x52, 0x03, 0x76, 0x69, 0x64, 0x3a, 0x04, 0xe8, 0xa0,
    0x1f, 0x01, 0x42, 0xb6, 0x01, 0x0a, 0x17, 0x63, 0x6f, 0x6d, 0x2e, 0x61, 0x6b, 0x61, 0x73, 0x68,
    0x2e, 0x64, 0x65, 0x70, 0x6c, 0x6f, 0x79, 0x6d, 0x65, 0x6e, 0x74, 0x2e, 0x76, 0x31, 0x42, 0x0a,
    0x45, 0x76, 0x65, 0x6e, 0x74, 0x50, 0x72, 0x6f, 0x74, 0x6f, 0x50, 0x01, 0x5a, 0x21, 0x70, 0x6b,
    0x67, 0x2e, 0x61, 0x6b, 0x74, 0x2e, 0x64, 0x65, 0x76, 0x2f, 0x67, 0x6f, 0x2f, 0x6e, 0x6f, 0x64,
    0x65, 0x2f, 0x64, 0x65, 0x70, 0x6c, 0x6f, 0x79, 0x6d, 0x65, 0x6e, 0x74, 0x2f, 0x76, 0x31, 0xa2,
    0x02, 0x03, 0x41, 0x44, 0x58, 0xaa, 0x02, 0x13, 0x41, 0x6b, 0x61, 0x73, 0x68, 0x2e, 0x44, 0x65,
    0x70, 0x6c, 0x6f, 0x79, 0x6d, 0x65, 0x6e, 0x74, 0x2e, 0x56, 0x31, 0xca, 0x02, 0x13, 0x41, 0x6b,
    0x61, 0x73, 0x68, 0x5c, 0x44, 0x65, 0x70, 0x6c, 0x6f, 0x79, 0x6d, 0x65, 0x6e, 0x74, 0x5c, 0x56,
    0x31, 0xe2, 0x02, 0x1f, 0x41, 0x6b, 0x61, 0x73, 0x68, 0x5c, 0x44, 0x65, 0x70, 0x6c, 0x6f, 0x79,
    0x6d, 0x65, 0x6e, 0x74, 0x5c, 0x56, 0x31, 0x5c, 0x47, 0x50, 0x42, 0x4d, 0x65, 0x74, 0x61, 0x64,
    0x61, 0x74, 0x61, 0xea, 0x02, 0x15, 0x41, 0x6b, 0x61, 0x73, 0x68, 0x3a, 0x3a, 0x44, 0x65, 0x70,
    0x6c, 0x6f, 0x79, 0x6d, 0x65, 0x6e, 0x74, 0x3a, 0x3a, 0x56, 0x31, 0x4a, 0xf0, 0x1a, 0x0a, 0x07,
    0x12, 0x05, 0x00, 0x00, 0x84, 0x01, 0x01, 0x0a, 0x08, 0x0a, 0x01, 0x0c, 0x12, 0x03, 0x00, 0x00,
    0x12, 0x0a, 0x08, 0x0a, 0x01, 0x02, 0x12, 0x03, 0x01, 0x00, 0x1c, 0x0a, 0x09, 0x0a, 0x02, 0x03,
    0x00, 0x12, 0x03, 0x03, 0x00, 0x1e, 0x0a, 0x09, 0x0a, 0x02, 0x03, 0x01, 0x12, 0x03, 0x05, 0x00,
    0x2e, 0x0a, 0x09, 0x0a, 0x02, 0x03, 0x02, 0x12, 0x03, 0x06, 0x00, 0x29, 0x0a, 0x09, 0x0a, 0x02,
    0x03, 0x03, 0x12, 0x03, 0x07, 0x00, 0x2a, 0x0a, 0x08, 0x0a, 0x01, 0x08, 0x12, 0x03, 0x09, 0x00,
    0x38, 0x0a, 0x09, 0x0a, 0x02, 0x08, 0x0b, 0x12, 0x03, 0x09, 0x00, 0x38, 0x0a, 0xa1, 0x01, 0x0a,
    0x02, 0x04, 0x00, 0x12, 0x04, 0x0d, 0x00, 0x1d, 0x01, 0x1a, 0x94, 0x01, 0x20, 0x45, 0x76, 0x65,
    0x6e, 0x74, 0x44, 0x65, 0x70, 0x6c, 0x6f, 0x79, 0x6d, 0x65, 0x6e, 0x74, 0x43, 0x72, 0x65, 0x61,
    0x74, 0x65, 0x64, 0x20, 0x65, 0x76, 0x65, 0x6e, 0x74, 0x20, 0x69, 0x73, 0x20, 0x74, 0x72, 0x69,
    0x67, 0x67, 0x65, 0x72, 0x65, 0x64, 0x20, 0x77, 0x68, 0x65, 0x6e, 0x20, 0x64, 0x65, 0x70, 0x6c,
    0x6f, 0x79, 0x6d, 0x65, 0x6e, 0x74, 0x20, 0x69, 0x73, 0x20, 0x63, 0x72, 0x65, 0x61, 0x74, 0x65,
    0x64, 0x20, 0x6f, 0x6e, 0x20, 0x63, 0x68, 0x61, 0x69, 0x6e, 0x2e, 0x0a, 0x20, 0x49, 0x74, 0x20,
    0x63, 0x6f, 0x6e, 0x74, 0x61, 0x69, 0x6e, 0x73, 0x20, 0x61, 0x6c, 0x6c, 0x20, 0x74, 0x68, 0x65,
    0x20, 0x69, 0x6e, 0x66, 0x6f, 0x72, 0x6d, 0x61, 0x74, 0x69, 0x6f, 0x6e, 0x20, 0x72, 0x65, 0x71,
    0x75, 0x69, 0x72, 0x65, 0x64, 0x20, 0x74, 0x6f, 0x20, 0x69, 0x64, 0x65, 0x6e, 0x74, 0x69, 0x66,
    0x79, 0x20, 0x61, 0x20, 0x64, 0x65, 0x70, 0x6c, 0x6f, 0x79, 0x6d, 0x65, 0x6e, 0x74, 0x2e, 0x0a,
    0x0a, 0x0a, 0x0a, 0x03, 0x04, 0x00, 0x01, 0x12, 0x03, 0x0d, 0x08, 0x1e, 0x0a, 0x0a, 0x0a, 0x03,
    0x04, 0x00, 0x07, 0x12, 0x03, 0x0e, 0x02, 0x22, 0x0a, 0x0d, 0x0a, 0x06, 0x04, 0x00, 0x07, 0x8d,
    0xf4, 0x03, 0x12, 0x03, 0x0e, 0x02, 0x22, 0x0a, 0x3e, 0x0a, 0x04, 0x04, 0x00, 0x02, 0x00, 0x12,
    0x04, 0x11, 0x02, 0x16, 0x04, 0x1a, 0x30, 0x20, 0x49, 0x44, 0x20, 0x69, 0x73, 0x20, 0x74, 0x68,
    0x65, 0x20, 0x75, 0x6e, 0x69, 0x71, 0x75, 0x65, 0x20, 0x69, 0x64, 0x65, 0x6e, 0x74, 0x69, 0x66,
    0x69, 0x65, 0x72, 0x20, 0x6f, 0x66, 0x20, 0x74, 0x68, 0x65, 0x20, 0x64, 0x65, 0x70, 0x6c, 0x6f,
    0x79, 0x6d, 0x65, 0x6e, 0x74, 0x2e, 0x0a, 0x0a, 0x0c, 0x0a, 0x05, 0x04, 0x00, 0x02, 0x00, 0x06,
    0x12, 0x03, 0x11, 0x02, 0x0e, 0x0a, 0x0c, 0x0a, 0x05, 0x04, 0x00, 0x02, 0x00, 0x01, 0x12, 0x03,
    0x11, 0x0f, 0x11, 0x0a, 0x0c, 0x0a, 0x05, 0x04, 0x00, 0x02, 0x00, 0x03, 0x12, 0x03, 0x11, 0x14,
    0x15, 0x0a, 0x0d, 0x0a, 0x05, 0x04, 0x00, 0x02, 0x00, 0x08, 0x12, 0x04, 0x11, 0x16, 0x16, 0x03,
    0x0a, 0x0f, 0x0a, 0x08, 0x04, 0x00, 0x02, 0x00, 0x08, 0xe9, 0xfb, 0x03, 0x12, 0x03, 0x12, 0x04,
    0x22, 0x0a, 0x0f, 0x0a, 0x08, 0x04, 0x00, 0x02, 0x00, 0x08, 0xec, 0xfb, 0x03, 0x12, 0x03, 0x13,
    0x04, 0x21, 0x0a, 0x0f, 0x0a, 0x08, 0x04, 0x00, 0x02, 0x00, 0x08, 0xed, 0xfb, 0x03, 0x12, 0x03,
    0x14, 0x04, 0x21, 0x0a, 0x0f, 0x0a, 0x08, 0x04, 0x00, 0x02, 0x00, 0x08, 0xee, 0xfb, 0x03, 0x12,
    0x03, 0x15, 0x04, 0x2a, 0x0a, 0x43, 0x0a, 0x04, 0x04, 0x00, 0x02, 0x01, 0x12, 0x04, 0x19, 0x02,
    0x1c, 0x04, 0x1a, 0x35, 0x20, 0x48, 0x61, 0x73, 0x68, 0x20, 0x69, 0x73, 0x20, 0x61, 0x6e, 0x20,
    0x68, 0x61, 0x73, 0x68, 0x65, 0x64, 0x20, 0x72, 0x65, 0x70, 0x72, 0x65, 0x73, 0x65, 0x6e, 0x74,
    0x61, 0x74, 0x69, 0x6f, 0x6e, 0x20, 0x6f, 0x66, 0x20, 0x74, 0x68, 0x65, 0x20, 0x64, 0x65, 0x70,
    0x6c, 0x6f, 0x79, 0x6d, 0x65, 0x6e, 0x74, 0x2e, 0x0a, 0x0a, 0x0c, 0x0a, 0x05, 0x04, 0x00, 0x02,
    0x01, 0x05, 0x12, 0x03, 0x19, 0x02, 0x07, 0x0a, 0x0c, 0x0a, 0x05, 0x04, 0x00, 0x02, 0x01, 0x01,
    0x12, 0x03, 0x19, 0x08, 0x0c, 0x0a, 0x0c, 0x0a, 0x05, 0x04, 0x00, 0x02, 0x01, 0x03, 0x12, 0x03,
    0x19, 0x0f, 0x10, 0x0a, 0x0d, 0x0a, 0x05, 0x04, 0x00, 0x02, 0x01, 0x08, 0x12, 0x04, 0x19, 0x11,
    0x1c, 0x03, 0x0a, 0x0f, 0x0a, 0x08, 0x04, 0x00, 0x02, 0x01, 0x08, 0xed, 0xfb, 0x03, 0x12, 0x03,
    0x1a, 0x04, 0x22, 0x0a, 0x0f, 0x0a, 0x08, 0x04, 0x00, 0x02, 0x01, 0x08, 0xee, 0xfb, 0x03, 0x12,
    0x03, 0x1b, 0x04, 0x2b, 0x0a, 0x9b, 0x01, 0x0a, 0x02, 0x04, 0x01, 0x12, 0x04, 0x21, 0x00, 0x31,
    0x01, 0x1a, 0x8e, 0x01, 0x20, 0x45, 0x76, 0x65, 0x6e, 0x74, 0x44, 0x65, 0x70, 0x6c, 0x6f, 0x79,
    0x6d, 0x65, 0x6e, 0x74, 0x55, 0x70, 0x64, 0x61, 0x74, 0x65, 0x64, 0x20, 0x69, 0x73, 0x20, 0x74,
    0x72, 0x69, 0x67, 0x67, 0x65, 0x72, 0x65, 0x64, 0x20, 0x77, 0x68, 0x65, 0x6e, 0x20, 0x64, 0x65,
    0x70, 0x6c, 0x6f, 0x79, 0x6d, 0x65, 0x6e, 0x74, 0x20, 0x69, 0x73, 0x20, 0x75, 0x70, 0x64, 0x61,
    0x74, 0x65, 0x64, 0x20, 0x6f, 0x6e, 0x20, 0x63, 0x68, 0x61, 0x69, 0x6e, 0x2e, 0x0a, 0x20, 0x49,
    0x74, 0x20, 0x63, 0x6f, 0x6e, 0x74, 0x61, 0x69, 0x6e, 0x73, 0x20, 0x61, 0x6c, 0x6c, 0x20, 0x74,
    0x68, 0x65, 0x20, 0x69, 0x6e, 0x66, 0x6f, 0x72, 0x6d, 0x61, 0x74, 0x69, 0x6f, 0x6e, 0x20, 0x72,
    0x65, 0x71, 0x75, 0x69, 0x72, 0x65, 0x64, 0x20, 0x74, 0x6f, 0x20, 0x69, 0x64, 0x65, 0x6e, 0x74,
    0x69, 0x66, 0x79, 0x20, 0x61, 0x20, 0x64, 0x65, 0x70, 0x6c, 0x6f, 0x79, 0x6d, 0x65, 0x6e, 0x74,
    0x2e, 0x0a, 0x0a, 0x0a, 0x0a, 0x03, 0x04, 0x01, 0x01, 0x12, 0x03, 0x21, 0x08, 0x1e, 0x0a, 0x0a,
    0x0a, 0x03, 0x04, 0x01, 0x07, 0x12, 0x03, 0x22, 0x02, 0x22, 0x0a, 0x0d, 0x0a, 0x06, 0x04, 0x01,
    0x07, 0x8d, 0xf4, 0x03, 0x12, 0x03, 0x22, 0x02, 0x22, 0x0a, 0x3e, 0x0a, 0x04, 0x04, 0x01, 0x02,
    0x00, 0x12, 0x04, 0x25, 0x02, 0x2a, 0x04, 0x1a, 0x30, 0x20, 0x49, 0x44, 0x20, 0x69, 0x73, 0x20,
    0x74, 0x68, 0x65, 0x20, 0x75, 0x6e, 0x69, 0x71, 0x75, 0x65, 0x20, 0x69, 0x64, 0x65, 0x6e, 0x74,
    0x69, 0x66, 0x69, 0x65, 0x72, 0x20, 0x6f, 0x66, 0x20, 0x74, 0x68, 0x65, 0x20, 0x64, 0x65, 0x70,
    0x6c, 0x6f, 0x79, 0x6d, 0x65, 0x6e, 0x74, 0x2e, 0x0a, 0x0a, 0x0c, 0x0a, 0x05, 0x04, 0x01, 0x02,
    0x00, 0x06, 0x12, 0x03, 0x25, 0x02, 0x0e, 0x0a, 0x0c, 0x0a, 0x05, 0x04, 0x01, 0x02, 0x00, 0x01,
    0x12, 0x03, 0x25, 0x0f, 0x11, 0x0a, 0x0c, 0x0a, 0x05, 0x04, 0x01, 0x02, 0x00, 0x03, 0x12, 0x03,
    0x25, 0x14, 0x15, 0x0a, 0x0d, 0x0a, 0x05, 0x04, 0x01, 0x02, 0x00, 0x08, 0x12, 0x04, 0x25, 0x16,
    0x2a, 0x03, 0x0a, 0x0f, 0x0a, 0x08, 0x04, 0x01, 0x02, 0x00, 0x08, 0xe9, 0xfb, 0x03, 0x12, 0x03,
    0x26, 0x04, 0x22, 0x0a, 0x0f, 0x0a, 0x08, 0x04, 0x01, 0x02, 0x00, 0x08, 0xec, 0xfb, 0x03, 0x12,
    0x03, 0x27, 0x04, 0x21, 0x0a, 0x0f, 0x0a, 0x08, 0x04, 0x01, 0x02, 0x00, 0x08, 0xed, 0xfb, 0x03,
    0x12, 0x03, 0x28, 0x04, 0x21, 0x0a, 0x0f, 0x0a, 0x08, 0x04, 0x01, 0x02, 0x00, 0x08, 0xee, 0xfb,
    0x03, 0x12, 0x03, 0x29, 0x04, 0x2a, 0x0a, 0x43, 0x0a, 0x04, 0x04, 0x01, 0x02, 0x01, 0x12, 0x04,
    0x2d, 0x02, 0x30, 0x04, 0x1a, 0x35, 0x20, 0x48, 0x61, 0x73, 0x68, 0x20, 0x69, 0x73, 0x20, 0x61,
    0x6e, 0x20, 0x68, 0x61, 0x73, 0x68, 0x65, 0x64, 0x20, 0x72, 0x65, 0x70, 0x72, 0x65, 0x73, 0x65,
    0x6e, 0x74, 0x61, 0x74, 0x69, 0x6f, 0x6e, 0x20, 0x6f, 0x66, 0x20, 0x74, 0x68, 0x65, 0x20, 0x64,
    0x65, 0x70, 0x6c, 0x6f, 0x79, 0x6d, 0x65, 0x6e, 0x74, 0x2e, 0x0a, 0x0a, 0x0c, 0x0a, 0x05, 0x04,
    0x01, 0x02, 0x01, 0x05, 0x12, 0x03, 0x2d, 0x02, 0x07, 0x0a, 0x0c, 0x0a, 0x05, 0x04, 0x01, 0x02,
    0x01, 0x01, 0x12, 0x03, 0x2d, 0x08, 0x0c, 0x0a, 0x0c, 0x0a, 0x05, 0x04, 0x01, 0x02, 0x01, 0x03,
    0x12, 0x03, 0x2d, 0x0f, 0x10, 0x0a, 0x0d, 0x0a, 0x05, 0x04, 0x01, 0x02, 0x01, 0x08, 0x12, 0x04,
    0x2d, 0x11, 0x30, 0x03, 0x0a, 0x0f, 0x0a, 0x08, 0x04, 0x01, 0x02, 0x01, 0x08, 0xed, 0xfb, 0x03,
    0x12, 0x03, 0x2e, 0x04, 0x22, 0x0a, 0x0f, 0x0a, 0x08, 0x04, 0x01, 0x02, 0x01, 0x08, 0xee, 0xfb,
    0x03, 0x12, 0x03, 0x2f, 0x04, 0x2b, 0x0a, 0x99, 0x01, 0x0a, 0x02, 0x04, 0x02, 0x12, 0x04, 0x35,
    0x00, 0x3f, 0x01, 0x1a, 0x8c, 0x01, 0x20, 0x45, 0x76, 0x65, 0x6e, 0x74, 0x44, 0x65, 0x70, 0x6c,
    0x6f, 0x79, 0x6d, 0x65, 0x6e, 0x74, 0x43, 0x6c, 0x6f, 0x73, 0x65, 0x64, 0x20, 0x69, 0x73, 0x20,
    0x74, 0x72, 0x69, 0x67, 0x67, 0x65, 0x72, 0x65, 0x64, 0x20, 0x77, 0x68, 0x65, 0x6e, 0x20, 0x64,
    0x65, 0x70, 0x6c, 0x6f, 0x79, 0x6d, 0x65, 0x6e, 0x74, 0x20, 0x69, 0x73, 0x20, 0x63, 0x6c, 0x6f,
    0x73, 0x65, 0x64, 0x20, 0x6f, 0x6e, 0x20, 0x63, 0x68, 0x61, 0x69, 0x6e, 0x2e, 0x0a, 0x20, 0x49,
    0x74, 0x20, 0x63, 0x6f, 0x6e, 0x74, 0x61, 0x69, 0x6e, 0x73, 0x20, 0x61, 0x6c, 0x6c, 0x20, 0x74,
    0x68, 0x65, 0x20, 0x69, 0x6e, 0x66, 0x6f, 0x72, 0x6d, 0x61, 0x74, 0x69, 0x6f, 0x6e, 0x20, 0x72,
    0x65, 0x71, 0x75, 0x69, 0x72, 0x65, 0x64, 0x20, 0x74, 0x6f, 0x20, 0x69, 0x64, 0x65, 0x6e, 0x74,
    0x69, 0x66, 0x79, 0x20, 0x61, 0x20, 0x64, 0x65, 0x70, 0x6c, 0x6f, 0x79, 0x6d, 0x65, 0x6e, 0x74,
    0x2e, 0x0a, 0x0a, 0x0a, 0x0a, 0x03, 0x04, 0x02, 0x01, 0x12, 0x03, 0x35, 0x08, 0x1d, 0x0a, 0x0a,
    0x0a, 0x03, 0x04, 0x02, 0x07, 0x12, 0x03, 0x36, 0x02, 0x22, 0x0a, 0x0d, 0x0a, 0x06, 0x04, 0x02,
    0x07, 0x8d, 0xf4, 0x03, 0x12, 0x03, 0x36, 0x02, 0x22, 0x0a, 0x3e, 0x0a, 0x04, 0x04, 0x02, 0x02,
    0x00, 0x12, 0x04, 0x39, 0x02, 0x3e, 0x04, 0x1a, 0x30, 0x20, 0x49, 0x44, 0x20, 0x69, 0x73, 0x20,
    0x74, 0x68, 0x65, 0x20, 0x75, 0x6e, 0x69, 0x71, 0x75, 0x65, 0x20, 0x69, 0x64, 0x65, 0x6e, 0x74,
    0x69, 0x66, 0x69, 0x65, 0x72, 0x20, 0x6f, 0x66, 0x20, 0x74, 0x68, 0x65, 0x20, 0x64, 0x65, 0x70,
    0x6c, 0x6f, 0x79, 0x6d, 0x65, 0x6e, 0x74, 0x2e, 0x0a, 0x0a, 0x0c, 0x0a, 0x05, 0x04, 0x02, 0x02,
    0x00, 0x06, 0x12, 0x03, 0x39, 0x02, 0x0e, 0x0a, 0x0c, 0x0a, 0x05, 0x04, 0x02, 0x02, 0x00, 0x01,
    0x12, 0x03, 0x39, 0x0f, 0x11, 0x0a, 0x0c, 0x0a, 0x05, 0x04, 0x02, 0x02, 0x00, 0x03, 0x12, 0x03,
    0x39, 0x14, 0x15, 0x0a, 0x0d, 0x0a, 0x05, 0x04, 0x02, 0x02, 0x00, 0x08, 0x12, 0x04, 0x39, 0x16,
    0x3e, 0x03, 0x0a, 0x0f, 0x0a, 0x08, 0x04, 0x02, 0x02, 0x00, 0x08, 0xe9, 0xfb, 0x03, 0x12, 0x03,
    0x3a, 0x04, 0x22, 0x0a, 0x0f, 0x0a, 0x08, 0x04, 0x02, 0x02, 0x00, 0x08, 0xec, 0xfb, 0x03, 0x12,
    0x03, 0x3b, 0x04, 0x21, 0x0a, 0x0f, 0x0a, 0x08, 0x04, 0x02, 0x02, 0x00, 0x08, 0xed, 0xfb, 0x03,
    0x12, 0x03, 0x3c, 0x04, 0x21, 0x0a, 0x0f, 0x0a, 0x08, 0x04, 0x02, 0x02, 0x00, 0x08, 0xee, 0xfb,
    0x03, 0x12, 0x03, 0x3d, 0x04, 0x2a, 0x0a, 0x8e, 0x01, 0x0a, 0x02, 0x04, 0x03, 0x12, 0x04, 0x43,
    0x00, 0x4d, 0x01, 0x1a, 0x81, 0x01, 0x20, 0x45, 0x76, 0x65, 0x6e, 0x74, 0x47, 0x72, 0x6f, 0x75,
    0x70, 0x53, 0x74, 0x61, 0x72, 0x74, 0x65, 0x64, 0x20, 0x69, 0x73, 0x20, 0x74, 0x72, 0x69, 0x67,
    0x67, 0x65, 0x72, 0x65, 0x64, 0x20, 0x77, 0x68, 0x65, 0x6e, 0x20, 0x64, 0x65, 0x70, 0x6c, 0x6f,
    0x79, 0x6d, 0x65, 0x6e, 0x74, 0x20, 0x67, 0x72, 0x6f, 0x75, 0x70, 0x20, 0x69, 0x73, 0x20, 0x73,
    0x74, 0x61, 0x72, 0x74, 0x65, 0x64, 0x2e, 0x0a, 0x20, 0x49, 0x74, 0x20, 0x63, 0x6f, 0x6e, 0x74,
    0x61, 0x69, 0x6e, 0x73, 0x20, 0x61, 0x6c, 0x6c, 0x20, 0x74, 0x68, 0x65, 0x20, 0x69, 0x6e, 0x66,
    0x6f, 0x72, 0x6d, 0x61, 0x74, 0x69, 0x6f, 0x6e, 0x20, 0x72, 0x65, 0x71, 0x75, 0x69, 0x72, 0x65,
    0x64, 0x20, 0x74, 0x6f, 0x20, 0x69, 0x64, 0x65, 0x6e, 0x74, 0x69, 0x66, 0x79, 0x20, 0x61, 0x20,
    0x67, 0x72, 0x6f, 0x75, 0x70, 0x2e, 0x0a, 0x0a, 0x0a, 0x0a, 0x03, 0x04, 0x03, 0x01, 0x12, 0x03,
    0x43, 0x08, 0x19, 0x0a, 0x0a, 0x0a, 0x03, 0x04, 0x03, 0x07, 0x12, 0x03, 0x44, 0x02, 0x22, 0x0a,
    0x0d, 0x0a, 0x06, 0x04, 0x03, 0x07, 0x8d, 0xf4, 0x03, 0x12, 0x03, 0x44, 0x02, 0x22, 0x0a, 0x39,
    0x0a, 0x04, 0x04, 0x03, 0x02, 0x00, 0x12, 0x04, 0x47, 0x02, 0x4c, 0x04, 0x1a, 0x2b, 0x20, 0x49,
    0x44, 0x20, 0x69, 0x73, 0x20, 0x74, 0x68, 0x65, 0x20, 0x75, 0x6e, 0x69, 0x71, 0x75, 0x65, 0x20,
    0x69, 0x64, 0x65, 0x6e, 0x74, 0x69, 0x66, 0x69, 0x65, 0x72, 0x20, 0x6f, 0x66, 0x20, 0x74, 0x68,
    0x65, 0x20, 0x67, 0x72, 0x6f, 0x75, 0x70, 0x2e, 0x0a, 0x0a, 0x0c, 0x0a, 0x05, 0x04, 0x03, 0x02,
    0x00, 0x06, 0x12, 0x03, 0x47, 0x02, 0x09, 0x0a, 0x0c, 0x0a, 0x05, 0x04, 0x03, 0x02, 0x00, 0x01,
    0x12, 0x03, 0x47, 0x0a, 0x0c, 0x0a, 0x0c, 0x0a, 0x05, 0x04, 0x03, 0x02, 0x00, 0x03, 0x12, 0x03,
    0x47, 0x0f, 0x10, 0x0a, 0x0d, 0x0a, 0x05, 0x04, 0x03, 0x02, 0x00, 0x08, 0x12, 0x04, 0x47, 0x11,
    0x4c, 0x03, 0x0a, 0x0f, 0x0a, 0x08, 0x04, 0x03, 0x02, 0x00, 0x08, 0xe9, 0xfb, 0x03, 0x12, 0x03,
    0x48, 0x04, 0x22, 0x0a, 0x0f, 0x0a, 0x08, 0x04, 0x03, 0x02, 0x00, 0x08, 0xec, 0xfb, 0x03, 0x12,
    0x03, 0x49, 0x04, 0x21, 0x0a, 0x0f, 0x0a, 0x08, 0x04, 0x03, 0x02, 0x00, 0x08, 0xed, 0xfb, 0x03,
    0x12, 0x03, 0x4a, 0x04, 0x21, 0x0a, 0x0f, 0x0a, 0x08, 0x04, 0x03, 0x02, 0x00, 0x08, 0xee, 0xfb,
    0x03, 0x12, 0x03, 0x4b, 0x04, 0x2a, 0x0a, 0x8b, 0x01, 0x0a, 0x02, 0x04, 0x04, 0x12, 0x04, 0x51,
    0x00, 0x5b, 0x01, 0x1a, 0x7f, 0x20, 0x45, 0x76, 0x65, 0x6e, 0x74, 0x47, 0x72, 0x6f, 0x75, 0x70,
    0x50, 0x61, 0x75, 0x73, 0x65, 0x64, 0x20, 0x69, 0x73, 0x20, 0x74, 0x72, 0x69, 0x67, 0x67, 0x65,
    0x72, 0x65, 0x64, 0x20, 0x77, 0x68, 0x65, 0x6e, 0x20, 0x64, 0x65, 0x70, 0x6c, 0x6f, 0x79, 0x6d,
    0x65, 0x6e, 0x74, 0x20, 0x67, 0x72, 0x6f, 0x75, 0x70, 0x20, 0x69, 0x73, 0x20, 0x70, 0x61, 0x75,
    0x73, 0x65, 0x64, 0x2e, 0x0a, 0x20, 0x49, 0x74, 0x20, 0x63, 0x6f, 0x6e, 0x74, 0x61, 0x69, 0x6e,
    0x73, 0x20, 0x61, 0x6c, 0x6c, 0x20, 0x74, 0x68, 0x65, 0x20, 0x69, 0x6e, 0x66, 0x6f, 0x72, 0x6d,
    0x61, 0x74, 0x69, 0x6f, 0x6e, 0x20, 0x72, 0x65, 0x71, 0x75, 0x69, 0x72, 0x65, 0x64, 0x20, 0x74,
    0x6f, 0x20, 0x69, 0x64, 0x65, 0x6e, 0x74, 0x69, 0x66, 0x79, 0x20, 0x61, 0x20, 0x67, 0x72, 0x6f,
    0x75, 0x70, 0x2e, 0x0a, 0x0a, 0x0a, 0x0a, 0x03, 0x04, 0x04, 0x01, 0x12, 0x03, 0x51, 0x08, 0x18,
    0x0a, 0x0a, 0x0a, 0x03, 0x04, 0x04, 0x07, 0x12, 0x03, 0x52, 0x02, 0x22, 0x0a, 0x0d, 0x0a, 0x06,
    0x04, 0x04, 0x07, 0x8d, 0xf4, 0x03, 0x12, 0x03, 0x52, 0x02, 0x22, 0x0a, 0x39, 0x0a, 0x04, 0x04,
    0x04, 0x02, 0x00, 0x12, 0x04, 0x55, 0x02, 0x5a, 0x04, 0x1a, 0x2b, 0x20, 0x49, 0x44, 0x20, 0x69,
    0x73, 0x20, 0x74, 0x68, 0x65, 0x20, 0x75, 0x6e, 0x69, 0x71, 0x75, 0x65, 0x20, 0x69, 0x64, 0x65,
    0x6e, 0x74, 0x69, 0x66, 0x69, 0x65, 0x72, 0x20, 0x6f, 0x66, 0x20, 0x74, 0x68, 0x65, 0x20, 0x67,
    0x72, 0x6f, 0x75, 0x70, 0x2e, 0x0a, 0x0a, 0x0c, 0x0a, 0x05, 0x04, 0x04, 0x02, 0x00, 0x06, 0x12,
    0x03, 0x55, 0x02, 0x09, 0x0a, 0x0c, 0x0a, 0x05, 0x04, 0x04, 0x02, 0x00, 0x01, 0x12, 0x03, 0x55,
    0x0a, 0x0c, 0x0a, 0x0c, 0x0a, 0x05, 0x04, 0x04, 0x02, 0x00, 0x03, 0x12, 0x03, 0x55, 0x0f, 0x10,
    0x0a, 0x0d, 0x0a, 0x05, 0x04, 0x04, 0x02, 0x00, 0x08, 0x12, 0x04, 0x55, 0x11, 0x5a, 0x03, 0x0a,
    0x0f, 0x0a, 0x08, 0x04, 0x04, 0x02, 0x00, 0x08, 0xe9, 0xfb, 0x03, 0x12, 0x03, 0x56, 0x04, 0x22,
    0x0a, 0x0f, 0x0a, 0x08, 0x04, 0x04, 0x02, 0x00, 0x08, 0xec, 0xfb, 0x03, 0x12, 0x03, 0x57, 0x04,
    0x21, 0x0a, 0x0f, 0x0a, 0x08, 0x04, 0x04, 0x02, 0x00, 0x08, 0xed, 0xfb, 0x03, 0x12, 0x03, 0x58,
    0x04, 0x21, 0x0a, 0x0f, 0x0a, 0x08, 0x04, 0x04, 0x02, 0x00, 0x08, 0xee, 0xfb, 0x03, 0x12, 0x03,
    0x59, 0x04, 0x2a, 0x0a, 0x8b, 0x01, 0x0a, 0x02, 0x04, 0x05, 0x12, 0x04, 0x5f, 0x00, 0x69, 0x01,
    0x1a, 0x7f, 0x20, 0x45, 0x76, 0x65, 0x6e, 0x74, 0x47, 0x72, 0x6f, 0x75, 0x70, 0x43, 0x6c, 0x6f,
    0x73, 0x65, 0x64, 0x20, 0x69, 0x73, 0x20, 0x74, 0x72, 0x69, 0x67, 0x67, 0x65, 0x72, 0x65, 0x64,
    0x20, 0x77, 0x68, 0x65, 0x6e, 0x20, 0x64, 0x65, 0x70, 0x6c, 0x6f, 0x79, 0x6d, 0x65, 0x6e, 0x74,
    0x20, 0x67, 0x72, 0x6f, 0x75, 0x70, 0x20, 0x69, 0x73, 0x20, 0x63, 0x6c, 0x6f, 0x73, 0x65, 0x64,
    0x2e, 0x0a, 0x20, 0x49, 0x74, 0x20, 0x63, 0x6f, 0x6e, 0x74, 0x61, 0x69, 0x6e, 0x73, 0x20, 0x61,
    0x6c, 0x6c, 0x20, 0x74, 0x68, 0x65, 0x20, 0x69, 0x6e, 0x66, 0x6f, 0x72, 0x6d, 0x61, 0x74, 0x69,
    0x6f, 0x6e, 0x20, 0x72, 0x65, 0x71, 0x75, 0x69, 0x72, 0x65, 0x64, 0x20, 0x74, 0x6f, 0x20, 0x69,
    0x64, 0x65, 0x6e, 0x74, 0x69, 0x66, 0x79, 0x20, 0x61, 0x20, 0x67, 0x72, 0x6f, 0x75, 0x70, 0x2e,
    0x0a, 0x0a, 0x0a, 0x0a, 0x03, 0x04, 0x05, 0x01, 0x12, 0x03, 0x5f, 0x08, 0x18, 0x0a, 0x0a, 0x0a,
    0x03, 0x04, 0x05, 0x07, 0x12, 0x03, 0x60, 0x02, 0x22, 0x0a, 0x0d, 0x0a, 0x06, 0x04, 0x05, 0x07,
    0x8d, 0xf4, 0x03, 0x12, 0x03, 0x60, 0x02, 0x22, 0x0a, 0x39, 0x0a, 0x04, 0x04, 0x05, 0x02, 0x00,
    0x12, 0x04, 0x63, 0x02, 0x68, 0x04, 0x1a, 0x2b, 0x20, 0x49, 0x44, 0x20, 0x69, 0x73, 0x20, 0x74,
    0x68, 0x65, 0x20, 0x75, 0x6e, 0x69, 0x71, 0x75, 0x65, 0x20, 0x69, 0x64, 0x65, 0x6e, 0x74, 0x69,
    0x66, 0x69, 0x65, 0x72, 0x20, 0x6f, 0x66, 0x20, 0x74, 0x68, 0x65, 0x20, 0x67, 0x72, 0x6f, 0x75,
    0x70, 0x2e, 0x0a, 0x0a, 0x0c, 0x0a, 0x05, 0x04, 0x05, 0x02, 0x00, 0x06, 0x12, 0x03, 0x63, 0x02,
    0x09, 0x0a, 0x0c, 0x0a, 0x05, 0x04, 0x05, 0x02, 0x00, 0x01, 0x12, 0x03, 0x63, 0x0a, 0x0c, 0x0a,
    0x0c, 0x0a, 0x05, 0x04, 0x05, 0x02, 0x00, 0x03, 0x12, 0x03, 0x63, 0x0f, 0x10, 0x0a, 0x0d, 0x0a,
    0x05, 0x04, 0x05, 0x02, 0x00, 0x08, 0x12, 0x04, 0x63, 0x11, 0x68, 0x03, 0x0a, 0x0f, 0x0a, 0x08,
    0x04, 0x05, 0x02, 0x00, 0x08, 0xe9, 0xfb, 0x03, 0x12, 0x03, 0x64, 0x04, 0x22, 0x0a, 0x0f, 0x0a,
    0x08, 0x04, 0x05, 0x02, 0x00, 0x08, 0xec, 0xfb, 0x03, 0x12, 0x03, 0x65, 0x04, 0x21, 0x0a, 0x0f,
    0x0a, 0x08, 0x04, 0x05, 0x02, 0x00, 0x08, 0xed, 0xfb, 0x03, 0x12, 0x03, 0x66, 0x04, 0x21, 0x0a,
    0x0f, 0x0a, 0x08, 0x04, 0x05, 0x02, 0x00, 0x08, 0xee, 0xfb, 0x03, 0x12, 0x03, 0x67, 0x04, 0x2a,
    0x0a, 0xa0, 0x01, 0x0a, 0x02, 0x04, 0x06, 0x12, 0x05, 0x6d, 0x00, 0x84, 0x01, 0x01, 0x1a, 0x92,
    0x01, 0x20, 0x45, 0x76, 0x65, 0x6e, 0x74, 0x56, 0x6f, 0x6c, 0x75, 0x6d, 0x65, 0x41, 0x64, 0x6f,
    0x70, 0x74, 0x65, 0x64, 0x20, 0x69, 0x73, 0x20, 0x74, 0x72, 0x69, 0x67, 0x67, 0x65, 0x72, 0x65,
    0x64, 0x20, 0x77, 0x68, 0x65, 0x6e, 0x20, 0x61, 0x20, 0x6e, 0x65, 0x77, 0x20, 0x76, 0x6f, 0x6c,
    0x75, 0x6d, 0x65, 0x20, 0x67, 0x72, 0x6f, 0x75, 0x70, 0x20, 0x61, 0x64, 0x6f, 0x70, 0x74, 0x73,
    0x20, 0x61, 0x20, 0x64, 0x65, 0x61, 0x64, 0x0a, 0x20, 0x72, 0x65, 0x74, 0x61, 0x69, 0x6e, 0x65,
    0x64, 0x20, 0x76, 0x6f, 0x6c, 0x75, 0x6d, 0x65, 0x2c, 0x20, 0x74, 0x72, 0x61, 0x6e, 0x73, 0x66,
    0x65, 0x72, 0x72, 0x69, 0x6e, 0x67, 0x20, 0x74, 0x68, 0x65, 0x20, 0x76, 0x69, 0x64, 0x27, 0x73,
    0x20, 0x64, 0x61, 0x74, 0x61, 0x20, 0x63, 0x6f, 0x6e, 0x74, 0x69, 0x6e, 0x75, 0x69, 0x74, 0x79,
    0x20, 0x74, 0x6f, 0x20, 0x74, 0x68, 0x65, 0x20, 0x6e, 0x65, 0x77, 0x20, 0x67, 0x72, 0x6f, 0x75,
    0x70, 0x2e, 0x0a, 0x0a, 0x0a, 0x0a, 0x03, 0x04, 0x06, 0x01, 0x12, 0x03, 0x6d, 0x08, 0x1a, 0x0a,
    0x0a, 0x0a, 0x03, 0x04, 0x06, 0x07, 0x12, 0x03, 0x6e, 0x02, 0x22, 0x0a, 0x0d, 0x0a, 0x06, 0x04,
    0x06, 0x07, 0x8d, 0xf4, 0x03, 0x12, 0x03, 0x6e, 0x02, 0x22, 0x0a, 0x4f, 0x0a, 0x04, 0x04, 0x06,
    0x02, 0x00, 0x12, 0x04, 0x71, 0x02, 0x76, 0x04, 0x1a, 0x41, 0x20, 0x49, 0x44, 0x20, 0x69, 0x73,
    0x20, 0x74, 0x68, 0x65, 0x20, 0x75, 0x6e, 0x69, 0x71, 0x75, 0x65, 0x20, 0x69, 0x64, 0x65, 0x6e,
    0x74, 0x69, 0x66, 0x69, 0x65, 0x72, 0x20, 0x6f, 0x66, 0x20, 0x74, 0x68, 0x65, 0x20, 0x6e, 0x65,
    0x77, 0x20, 0x28, 0x61, 0x64, 0x6f, 0x70, 0x74, 0x69, 0x6e, 0x67, 0x29, 0x20, 0x76, 0x6f, 0x6c,
    0x75, 0x6d, 0x65, 0x20, 0x67, 0x72, 0x6f, 0x75, 0x70, 0x2e, 0x0a, 0x0a, 0x0c, 0x0a, 0x05, 0x04,
    0x06, 0x02, 0x00, 0x06, 0x12, 0x03, 0x71, 0x02, 0x09, 0x0a, 0x0c, 0x0a, 0x05, 0x04, 0x06, 0x02,
    0x00, 0x01, 0x12, 0x03, 0x71, 0x0a, 0x0c, 0x0a, 0x0c, 0x0a, 0x05, 0x04, 0x06, 0x02, 0x00, 0x03,
    0x12, 0x03, 0x71, 0x0f, 0x10, 0x0a, 0x0d, 0x0a, 0x05, 0x04, 0x06, 0x02, 0x00, 0x08, 0x12, 0x04,
    0x71, 0x11, 0x76, 0x03, 0x0a, 0x0f, 0x0a, 0x08, 0x04, 0x06, 0x02, 0x00, 0x08, 0xe9, 0xfb, 0x03,
    0x12, 0x03, 0x72, 0x04, 0x22, 0x0a, 0x0f, 0x0a, 0x08, 0x04, 0x06, 0x02, 0x00, 0x08, 0xec, 0xfb,
    0x03, 0x12, 0x03, 0x73, 0x04, 0x21, 0x0a, 0x0f, 0x0a, 0x08, 0x04, 0x06, 0x02, 0x00, 0x08, 0xed,
    0xfb, 0x03, 0x12, 0x03, 0x74, 0x04, 0x21, 0x0a, 0x0f, 0x0a, 0x08, 0x04, 0x06, 0x02, 0x00, 0x08,
    0xee, 0xfb, 0x03, 0x12, 0x03, 0x75, 0x04, 0x2a, 0x0a, 0x4a, 0x0a, 0x04, 0x04, 0x06, 0x02, 0x01,
    0x12, 0x04, 0x79, 0x02, 0x7d, 0x04, 0x1a, 0x3c, 0x20, 0x41, 0x64, 0x6f, 0x70, 0x74, 0x65, 0x64,
    0x20, 0x72, 0x65, 0x66, 0x65, 0x72, 0x65, 0x6e, 0x63, 0x65, 0x73, 0x20, 0x74, 0x68, 0x65, 0x20,
    0x64, 0x65, 0x61, 0x64, 0x20, 0x72, 0x65, 0x74, 0x61, 0x69, 0x6e, 0x65, 0x64, 0x20, 0x76, 0x6f,
    0x6c, 0x75, 0x6d, 0x65, 0x20, 0x62, 0x65, 0x69, 0x6e, 0x67, 0x20, 0x61, 0x64, 0x6f, 0x70, 0x74,
    0x65, 0x64, 0x2e, 0x0a, 0x0a, 0x0c, 0x0a, 0x05, 0x04, 0x06, 0x02, 0x01, 0x06, 0x12, 0x03, 0x79,
    0x02, 0x0b, 0x0a, 0x0c, 0x0a, 0x05, 0x04, 0x06, 0x02, 0x01, 0x01, 0x12, 0x03, 0x79, 0x0c, 0x13,
    0x0a, 0x0c, 0x0a, 0x05, 0x04, 0x06, 0x02, 0x01, 0x03, 0x12, 0x03, 0x79, 0x16, 0x17, 0x0a, 0x0d,
    0x0a, 0x05, 0x04, 0x06, 0x02, 0x01, 0x08, 0x12, 0x04, 0x79, 0x18, 0x7d, 0x03, 0x0a, 0x0f, 0x0a,
    0x08, 0x04, 0x06, 0x02, 0x01, 0x08, 0xe9, 0xfb, 0x03, 0x12, 0x03, 0x7a, 0x04, 0x20, 0x0a, 0x0f,
    0x0a, 0x08, 0x04, 0x06, 0x02, 0x01, 0x08, 0xed, 0xfb, 0x03, 0x12, 0x03, 0x7b, 0x04, 0x24, 0x0a,
    0x0f, 0x0a, 0x08, 0x04, 0x06, 0x02, 0x01, 0x08, 0xee, 0xfb, 0x03, 0x12, 0x03, 0x7c, 0x04, 0x2d,
    0x0a, 0x4a, 0x0a, 0x04, 0x04, 0x06, 0x02, 0x02, 0x12, 0x06, 0x80, 0x01, 0x02, 0x83, 0x01, 0x04,
    0x1a, 0x3a, 0x20, 0x56, 0x69, 0x64, 0x20, 0x69, 0x73, 0x20, 0x74, 0x68, 0x65, 0x20, 0x64, 0x61,
    0x74, 0x61, 0x2d, 0x63, 0x6f, 0x6e, 0x74, 0x69, 0x6e, 0x75, 0x69, 0x74, 0x79, 0x20, 0x6c, 0x61,
    0x62, 0x65, 0x6c, 0x20, 0x73, 0x68, 0x61, 0x72, 0x65, 0x64, 0x20, 0x62, 0x79, 0x20, 0x62, 0x6f,
    0x74, 0x68, 0x20, 0x76, 0x6f, 0x6c, 0x75, 0x6d, 0x65, 0x73, 0x2e, 0x0a, 0x0a, 0x0d, 0x0a, 0x05,
    0x04, 0x06, 0x02, 0x02, 0x05, 0x12, 0x04, 0x80, 0x01, 0x02, 0x08, 0x0a, 0x0d, 0x0a, 0x05, 0x04,
    0x06, 0x02, 0x02, 0x01, 0x12, 0x04, 0x80, 0x01, 0x09, 0x0c, 0x0a, 0x0d, 0x0a, 0x05, 0x04, 0x06,
    0x02, 0x02, 0x03, 0x12, 0x04, 0x80, 0x01, 0x0f, 0x10, 0x0a, 0x0f, 0x0a, 0x05, 0x04, 0x06, 0x02,
    0x02, 0x08, 0x12, 0x06, 0x80, 0x01, 0x11, 0x83, 0x01, 0x03, 0x0a, 0x10, 0x0a, 0x08, 0x04, 0x06,
    0x02, 0x02, 0x08, 0xed, 0xfb, 0x03, 0x12, 0x04, 0x81, 0x01, 0x04, 0x20, 0x0a, 0x10, 0x0a, 0x08,
    0x04, 0x06, 0x02, 0x02, 0x08, 0xee, 0xfb, 0x03, 0x12, 0x04, 0x82, 0x01, 0x04, 0x29, 0x62, 0x06,
    0x70, 0x72, 0x6f, 0x74, 0x6f, 0x33,
];
// @@protoc_insertion_point(module)